行程編號,路線名稱,路線圖片,開始日期,結束日期,路線所在縣市,步道類型,海拔高度,難易度,路線圖,名額限制,收費金額-會員,收費金額-非會員,參考 url
6,鯉魚山親山步道,https://cdntwrunning.biji.co/800_9aafb24f2c025768409f59d3139e7d85f3a6e532c499102e4701d44460c22092.jpg,2023-04-12,2023-04-19,台北市內湖區,郊山步道,42~222公尺,低,https://cdntwrunning.biji.co/600_53d2bba466f594236315f9957a90476e.jpg,11,2158,2658,https://hiking.biji.co/index.php?q=trail&act=detail&id=6
10,頂山—石梯嶺步道,https://cdntwrunning.biji.co/800_74e082409a0b128a84a0cc4ff9ff494bde926f8df342a0394ea9358938f32f17.jpg,2023-03-29,2023-04-01,臺北市士林區,郊山步道,597~865公尺,低,https://cdntwrunning.biji.co/600_c0a2a0a94ca7eac7e898afcee3b44eb2.jpg,22,2443,2943,https://hiking.biji.co/index.php?q=trail&act=detail&id=10
30,忘憂谷步道,https://cdntwrunning.biji.co/800_b6703a2de0311d90be099ae0de355e1a.jpg,2023-04-13,2023-04-15,基隆市,郊山步道,8~101公尺,低,https://cdntwrunning.biji.co/600_a52280424542784bd2aa4fcaadc2c767.jpg,15,2717,3217,https://hiking.biji.co/index.php?q=trail&act=detail&id=30
33,翠山步道,https://cdntwrunning.biji.co/800_a3d320b3f410d62f180d862e843daf3c7524755a6be4fdd9689bc338e5d4acaa.jpg,2023-03-30,2023-04-04,台北市士林區,郊山步道,316~347公尺,低,https://cdntwrunning.biji.co/600_0a8c203b58e42ea5357d2b140069c455.jpg,19,1217,1717,https://hiking.biji.co/index.php?q=trail&act=detail&id=33
34,劍潭山親山步道,https://cdntwrunning.biji.co/800_e783644fde5256a770b1517c2686cb068c0631385541ed1d72f414d789505f90.jpg,2023-03-31,2023-04-07,台北市士林區,郊山步道,10~190公尺,低,https://cdntwrunning.biji.co/600_0a2801f91487ebc2807473c7fc8cfd3a.jpg,9,930,1430,https://hiking.biji.co/index.php?q=trail&act=detail&id=34
35,大崙頭尾山親山步道,https://cdntwrunning.biji.co/800_15b1f2ade6d1ebaf4fc9c9add5eac92e.jpg,2023-04-08,2023-04-14,台北市士林區,郊山步道,400~475公尺,低,https://cdntwrunning.biji.co/600_c637dce65e47d75dd82f41ab5e11fc40.jpg,22,3375,3875,https://hiking.biji.co/index.php?q=trail&act=detail&id=35
36,坪頂古圳步道,https://cdntwrunning.biji.co/800_99fbb9fb0016dafc13043a784e99a857.jpg,2023-04-16,2023-04-18,臺北市士林區,郊山步道,324~481公尺,低,https://cdntwrunning.biji.co/600_3e1b075b5e54aa87f631dd352a777575.jpg,5,3488,3988,https://hiking.biji.co/index.php?q=trail&act=detail&id=36
38,福州山步道,https://cdntwrunning.biji.co/800_2a456c859f83df958891c1d2cc0d129aa00e5439cf7f6a7a622286beb707402a.jpg,2023-04-06,2023-04-11,台北市大安區,郊山步道,20~105公尺,低,https://cdntwrunning.biji.co/600_db1a1962b5135b95885bb291a46d6e95.jpg,6,1252,1752,https://hiking.biji.co/index.php?q=trail&act=detail&id=38
39,中埔山步道,https://cdntwrunning.biji.co/800_5829375750bc64ec8b3f53e9ec914cfe0aa01959c258f4b0465e6c123d442cb6.jpg,2023-04-13,2023-04-17,"台北市大安區,台北市文山區",郊山步道,40~145公尺,低,https://cdntwrunning.biji.co/600_3d0d3e368a85597b3923e683f4885650.jpg,14,1415,1915,https://hiking.biji.co/index.php?q=trail&act=detail&id=39
41,金面山親山步道,https://cdntwrunning.biji.co/800_68d42b4c7b34cab1ec78f01ba2ed5dda8f78d18ef607a5781f077bf463d66e43.jpg,2023-04-15,2023-04-20,台北市內湖區,郊山步道,150~250公尺,低-中,https://cdntwrunning.biji.co/600_d92ff318de5cd9c6fab2d35da3338067.jpg,22,918,1418,https://hiking.biji.co/index.php?q=trail&act=detail&id=41
42,碧湖親山步道(新福本坑),https://cdntwrunning.biji.co/800_6065b97f8cb20547c6cc8e16a223c4ed81eba0944c2895ec335f9653b02679a1.jpg,2023-04-08,2023-04-15,台北市內湖區,郊山步道,28~77公尺,低,https://cdntwrunning.biji.co/600_f2fbea832fc35ee48083ade3490e3cd1.jpg,11,3089,3589,https://hiking.biji.co/index.php?q=trail&act=detail&id=42
47,指南宮貓空親山步道,https://cdntwrunning.biji.co/800_507bb5f3ff2ec1a0f0eeaab63d448adc4204825f28c598761ea3b93559a9b1e1.jpg,2023-04-12,2023-04-19,台北市文山區,郊山步道,35~305公尺,低,https://cdntwrunning.biji.co/600_ee0589fb37a83a1db8e6d6b47432fa2f.jpg,17,3431,3931,https://hiking.biji.co/index.php?q=trail&act=detail&id=47
49,仙跡岩步道,https://cdntwrunning.biji.co/800_9beb91a6b61ea9aa34725ba04ffa06c0f6e2283fa42d254a803970a417df5907.jpg,2023-03-29,2023-04-03,台北市文山區,郊山步道,40~150公尺,低,https://cdntwrunning.biji.co/600_e6ef4b5c45736cbe3436eb823b0e653b.jpg,7,2863,3363,https://hiking.biji.co/index.php?q=trail&act=detail&id=49
50,銀河洞越嶺登山步道,https://cdntwrunning.biji.co/800_8384ff4503d3ac5587df3a07172805ff.jpg,2023-04-18,2023-04-23,新北市新店區,郊山步道,160~357公尺,低,https://cdntwrunning.biji.co/600_93847b43288ad9dcf2b126adc654f582.jpg,19,1625,2125,https://hiking.biji.co/index.php?q=trail&act=detail&id=50
53,樟湖步道,https://cdntwrunning.biji.co/800_2db7ccbd9ef49cb1474c86b067f0172be3c24d94864a24012f16314f36a1fb70.jpg,2023-04-09,2023-04-16,"台北市文山區,新北市新店區",郊山步道,280~365公尺,低,https://cdntwrunning.biji.co/600_341015632b93d6f912c7436eea7253be.jpg,16,2180,2680,https://hiking.biji.co/index.php?q=trail&act=detail&id=53
54,七星山主峰、東峰步道,https://cdntwrunning.biji.co/800_0aa2cd4a2c6ac39fce343acf5c08b2487b2f2d15d4391851746a4509086b3085.jpg,2023-04-05,2023-04-08,臺北市北投區,郊山步道,552~1120公尺,低-中,https://cdntwrunning.biji.co/600_8c8e2ae3aed407b6890d7cf323b998e2.jpg,18,601,1101,https://hiking.biji.co/index.php?q=trail&act=detail&id=54
55,夢幻湖步道,https://cdntwrunning.biji.co/800_cc1932e0d10f944a0d3e4dd5ae6fc66c0f66710d2b43c4caa65cda563f17c28d.jpg,2023-04-04,2023-04-08,臺北市北投區,郊山步道,786~895公尺,低,https://cdntwrunning.biji.co/600_91f3dd6227cbdd0db838cdbd7129f788.jpg,22,2454,2954,https://hiking.biji.co/index.php?q=trail&act=detail&id=55
56,絹絲瀑布步道,https://cdntwrunning.biji.co/800_b6ae5e4368a11316692ddae84f9bdd85.jpg,2023-04-07,2023-04-13,臺北市北投區,郊山步道,552~762公尺,低,https://cdntwrunning.biji.co/600_77629165eca96b36d6cbd270ebdd3386.jpg,25,1343,1843,https://hiking.biji.co/index.php?q=trail&act=detail&id=56
57,竹子湖文學步道,https://cdntwrunning.biji.co/800_00b1718c948fd47eef55295d70e42538a2a1b36611b85693b15271544ef3a64b.jpg,2023-04-16,2023-04-22,台北市北投區,郊山步道,670~675公尺,低,https://cdntwrunning.biji.co/600_001221734c02a1392075741b6a3ce6ee.jpg,12,2491,2991,https://hiking.biji.co/index.php?q=trail&act=detail&id=57
58,海芋環狀步道,https://cdntwrunning.biji.co/800_46b69a3d106b83d500d205ad5f3ccb25b6fa1307834306bc7bdab20c28eb7d37.jpg,2023-04-18,2023-04-23,台北市北投區,郊山步道,670~680公尺,低,https://cdntwrunning.biji.co/600_8c7d1c50cc82346e5226fb9bf3345288.jpg,10,3154,3654,https://hiking.biji.co/index.php?q=trail&act=detail&id=58
60,頂湖環狀步道,https://cdntwrunning.biji.co/800_b95e49831742e7fe926586bdf04f3c74f9a82e6f8f1d031e317987d9ebfe6e6c.jpg,2023-04-01,2023-04-05,台北市北投區,郊山步道,670~675公尺,低,https://cdntwrunning.biji.co/600_06071bf5dce79d2fe21400ab998d5dfa.jpg,21,3417,3917,https://hiking.biji.co/index.php?q=trail&act=detail&id=60
61,竹子湖環狀步道,https://cdntwrunning.biji.co/800_57aad526789aec9e758be79c89cff34de0253720af312cf70b770f4ca6ed71ba.jpg,2023-04-05,2023-04-10,台北市北投區,郊山步道,670~680公尺,低,https://cdntwrunning.biji.co/600_29f44f069aaea26a8e499d534674e43c.jpg,22,1197,1697,https://hiking.biji.co/index.php?q=trail&act=detail&id=61
62,忠義山親山步道,https://cdntwrunning.biji.co/800_652f78c11c143ee88aa1309306530f00795e75ece3e9de9691b9e315f0a2471b.jpg,2023-03-30,2023-04-05,台北市北投區,郊山步道,20~233公尺,低,https://cdntwrunning.biji.co/600_8af94b98f489998148c6b0b1afb07fae.jpg,17,1508,2008,https://hiking.biji.co/index.php?q=trail&act=detail&id=62
65,貴子坑親山步道,https://cdntwrunning.biji.co/800_09f64699750556ca94f6ae295ed465e5950dc2b59556637456f02ba8860b9211.jpg,2023-04-13,2023-04-19,台北市北投區,郊山步道,7~305公尺,低,https://cdntwrunning.biji.co/600_d56f6545ef133c4c6a3859d0da81d338.jpg,23,1065,1565,https://hiking.biji.co/index.php?q=trail&act=detail&id=65
70,天母水管路步道(天母古道),https://cdntwrunning.biji.co/800_4f8ee9955056f18f61485f29230cfd22a7d16caa6a63a335c24e285ba5add7d6.jpg,2023-04-17,2023-04-22,台北市北投區,郊山步道,120~300公尺,低,https://cdntwrunning.biji.co/600_87a5b32e97ba34436b87f3e6f25b6f80.jpg,19,1660,2160,https://hiking.biji.co/index.php?q=trail&act=detail&id=70
73,金包里大路(擎天崗至上磺溪停車場段),https://cdntwrunning.biji.co/800_7661c4e7f73daf03a1f9c57d6e926f3e32d827e6a780c55fc1a99c69da2648bf.jpg,2023-04-02,2023-04-07,"臺北市北投區,新北市金山區",郊山步道,230~756公尺,低,https://cdntwrunning.biji.co/600_dc95792e2eda734c3a6a5938707a978b.jpg,14,3335,3835,https://hiking.biji.co/index.php?q=trail&act=detail&id=73
75,虎山親山步道,https://cdntwrunning.biji.co/800_8408dde48673eaef3549a28c756fd0c002b2d1508bcf712af5e3a3b2f065155c.jpg,2023-04-01,2023-04-06,臺北市信義區,郊山步道,25~130公尺,低,https://cdntwrunning.biji.co/600_20b239d169aba960b6b8d25085ce8e7c.jpg,15,865,1365,https://hiking.biji.co/index.php?q=trail&act=detail&id=75
76,象山親山步道,https://cdntwrunning.biji.co/800_7885322f41fd94d458c5a5c9f4b4ba1b59ba5bc13777a4c144a25c7da3dd7dfd.jpg,2023-04-01,2023-04-08,台北市信義區,郊山步道,25~183公尺,低,https://cdntwrunning.biji.co/600_1ef7f4a098deca5dbc6b7f2544fe84e7.jpg,19,1241,1741,https://hiking.biji.co/index.php?q=trail&act=detail&id=76
77,南港山攀岩步道,https://cdntwrunning.biji.co/800_9d2d101fe262c48d0096571db9d12f47be997b23dda7c0142f7f94c6ee697c48.jpg,2023-04-13,2023-04-17,"台北市信義區,台北市南港區",郊山步道,30~374公尺,中,https://cdntwrunning.biji.co/600_04540a167964f40c1a16ca4c6d8e2e24.jpg,10,1919,2419,https://hiking.biji.co/index.php?q=trail&act=detail&id=77
78,南港山縱走親山步道(拇指山、南港山、象山、九五峰),https://cdntwrunning.biji.co/800_d237f31cf88c83640de81c6bd508b91fb167dcf327f91352f14b0e836397ba10.jpg,2023-04-13,2023-04-18,"台北市信義區,台北市南港區",郊山步道,26~374公尺,低-中,https://cdntwrunning.biji.co/600_b3c60eea413c2b52120a5ba1822acad4.jpg,6,2671,3171,https://hiking.biji.co/index.php?q=trail&act=detail&id=78
81,更寮古道(土庫岳),https://cdntwrunning.biji.co/800_c03efe23db970b919f6372aca5f5fe3251ba5beb91265541ec11554db92ed519.jpg,2023-04-10,2023-04-16,"台北市南港區,新北市深坑區",郊山步道,45~389公尺,低,https://cdntwrunning.biji.co/600_bcc8707cbbddf797ad6a687461a629db.jpg,4,3405,3905,https://hiking.biji.co/index.php?q=trail&act=detail&id=81
82,牛寮埔登山步道,https://cdntwrunning.biji.co/800_bbb696b06855c198b0bd9ca9803b0daa3962940036e55b201f8dba7824045cb5.jpg,2023-04-03,2023-04-07,新北市八里區,郊山步道,224~616公尺,低,https://cdntwrunning.biji.co/600_2320c3847427a42626381b12f87aa500.jpg,4,2358,2858,https://hiking.biji.co/index.php?q=trail&act=detail&id=82
86,二子坪步道,https://cdntwrunning.biji.co/800_7f5977e2cc31602ba248f5a575b8497de9deb3cc19a776c0b63696200c3bf21f.jpg,2023-04-03,2023-04-07,新北市三芝區,郊山步道,815~840公尺,低,https://cdntwrunning.biji.co/600_b32f597245c70ed918b2ad3d66509eed.jpg,16,3299,3799,https://hiking.biji.co/index.php?q=trail&act=detail&id=86
87,滿月圓國家森林遊樂區步道群,https://cdntwrunning.biji.co/800_8ac1f6042104fb91a5424941a0c6ee858bb358c3d53298579ae2fd6bfc9f7911.jpg,2023-04-15,2023-04-19,新北市三峽區,郊山步道,395~590公尺,低,https://cdntwrunning.biji.co/600_b9ccfa12f0abeec1b403d0a62a98b29a.jpg,21,1609,2109,https://hiking.biji.co/index.php?q=trail&act=detail&id=87
88,五寮尖登山步道,https://cdntwrunning.biji.co/800_bd23797b37bcafa0afbfc26b6f2d53e6e5280c1535707e436ab296df0621cd3d.jpg,2023-04-08,2023-04-10,新北市三峽區,郊山步道,109~639公尺,中,https://cdntwrunning.biji.co/600_3dd083df24f3e46c4e80200424f3d9ae.jpg,12,2844,3344,https://hiking.biji.co/index.php?q=trail&act=detail&id=88
89,鳶山登山步道,https://cdntwrunning.biji.co/800_3261d59ad925fb05ebadc6b5f266282e3d1a63fc1b8c3cba653dedd08033ebc8.jpg,2023-04-10,2023-04-13,新北市三峽區,郊山步道,51~321公尺,低,https://cdntwrunning.biji.co/600_2d5b71a3e57bf386c98c6bac89a69e20.gif,11,669,1169,https://hiking.biji.co/index.php?q=trail&act=detail&id=89
93,紫微聖母環山步道,https://cdntwrunning.biji.co/800_3e34c7babd25043984740058ef81d77e.jpg,2023-03-31,2023-04-04,新北市三峽區,郊山步道,220~480公尺,低,https://cdntwrunning.biji.co/600_32b034e2cc2dc9447e4f38228745cc47.jpg,25,1215,1715,https://hiking.biji.co/index.php?q=trail&act=detail&id=93
104,天上山步道,https://cdntwrunning.biji.co/800_84fdba24055055afad22482c467bade9bc438660f51e2ad6d988fa4daa3204dc.jpg,2023-04-03,2023-04-08,新北市土城區,郊山步道,50~429公尺,低,https://cdntwrunning.biji.co/600_faf2493ca508b44713cfde49f54a92ef.jpg,5,2517,3017,https://hiking.biji.co/index.php?q=trail&act=detail&id=104
106,圓通寺登山步道(南勢角山),https://cdntwrunning.biji.co/800_1012de62cf50d15fc78dbf007f1ab0cd3714f9bf7b3789230baf9aac1707f525.jpg,2023-03-29,2023-04-03,新北市中和區,郊山步道,26~328公尺,低-中,https://cdntwrunning.biji.co/600_1b56901bc6d2bad92f39cca2ec7250d6.jpg,9,1325,1825,https://hiking.biji.co/index.php?q=trail&act=detail&id=106
107,林梢步道,https://cdntwrunning.biji.co/800_520a637644caf88aafe0d35d02df6ef78a33527f4dfc0efc30cca0ec1466b8ef.jpg,2023-04-02,2023-04-09,新北市五股區,郊山步道,330~340公尺,低,https://cdntwrunning.biji.co/600_30ee9eac81dbec4ecf190a00b06a594e.jpg,22,2613,3113,https://hiking.biji.co/index.php?q=trail&act=detail&id=107
108,硬漢嶺步道(觀音山),https://cdntwrunning.biji.co/800_3442616e7dcc0658406c51f91537021de9e9aabdf49d967d04c4c8ddf9c49976.jpg,2023-04-14,2023-04-18,"新北市五股區,新北市八里區",郊山步道,294~616公尺,低,https://cdntwrunning.biji.co/600_bdd4c6cd51b1a69320325f7e29dc73d7.jpg,21,1835,2335,https://hiking.biji.co/index.php?q=trail&act=detail&id=108
113,孝子山步道,https://cdntwrunning.biji.co/800_13f8774a32fc98ea29d99b60f128c0be2428abd2a0b5aec27d092c8a6486b0c4.jpg,2023-04-14,2023-04-19,新北市平溪區,郊山步道,210~360公尺,低,https://cdntwrunning.biji.co/600_838705d6ca742d78bb1da564e973963e.jpg,15,2661,3161,https://hiking.biji.co/index.php?q=trail&act=detail&id=113
115,五分山步道,https://cdntwrunning.biji.co/800_cca3f4236db2b2e871e93e94abc26908e96019b01ed2a8f4cd9e2e5387b7fa73.jpg,2023-04-12,2023-04-14,"基隆市暖暖區,新北市瑞芳區,新北市平溪區",郊山步道,237~757公尺,低-中,https://cdntwrunning.biji.co/600_a483775d37a1393f6a2342d1f3141958.jpg,5,3072,3572,https://hiking.biji.co/index.php?q=trail&act=detail&id=115
117,石筍尖步道,https://cdntwrunning.biji.co/800_f562e265746bb85dba3bcbf4d70b2ac9284c8be5ebcd5a44a4aef9b1b95bc743.jpg,2023-03-29,2023-04-05,新北市平溪區,郊山步道,240~520公尺,低,https://cdntwrunning.biji.co/600_fcede3918bc2654986cd72bbc95c5add.jpg,8,2105,2605,https://hiking.biji.co/index.php?q=trail&act=detail&id=117
118,峰頭尖步道,https://cdntwrunning.biji.co/800_352d98842608b02d1a4194fdc0c5d6bdd05d47d9efc366e21344cd1435a65107.jpg,2023-04-16,2023-04-19,"新北市平溪區,新北市石碇區",郊山步道,296~609公尺,低-中,https://cdntwrunning.biji.co/600_78dc1d2fb27eb642826e3a38ec6be7c5.jpg,6,2777,3277,https://hiking.biji.co/index.php?q=trail&act=detail&id=118
121,慈母峰、普陀山步道,https://cdntwrunning.biji.co/800_49476385a88093cb28090e4d87994ac38403aa86808bbc41a56324cc7578dba7.jpg,2023-03-31,2023-04-07,新北市平溪區,郊山步道,200~450公尺,低,https://cdntwrunning.biji.co/600_807eb7a079b93015252cebecb444ceb4.jpg,21,1731,2231,https://hiking.biji.co/index.php?q=trail&act=detail&id=121
122,平湖森林步道(東段),https://cdntwrunning.biji.co/800_9cb9d5b9db27c75d4d391a93c16d64a80067186da190dfadef7f74d75f64dfc2.jpg,2023-04-03,2023-04-06,"新北市平溪區,新北市雙溪區",郊山步道,312~502公尺,低,https://cdntwrunning.biji.co/600_f630697791468e79ad61071dccd9c90e.jpg,19,3360,3860,https://hiking.biji.co/index.php?q=trail&act=detail&id=122
124,青山瀑布步道,https://cdntwrunning.biji.co/800_3bf8584053af77e785521c7468a3e01cdee2ccbbd1eb641c157ce50127efa8e7.jpg,2023-04-15,2023-04-20,新北市石門區,郊山步道,185~465公尺,低-中,https://cdntwrunning.biji.co/600_6547e2506f9c0b6b7718d4628e18b38e.jpg,13,3161,3661,https://hiking.biji.co/index.php?q=trail&act=detail&id=124
125,富貴角燈塔步道,https://cdntwrunning.biji.co/800_503aeb5b1c502268e9230892366570cd2d71b4114bb6735ffb9c3fe5445c5df5.jpg,2023-04-14,2023-04-17,新北市石門區,郊山步道,10~40公尺,低,https://cdntwrunning.biji.co/600_eb03b0b9d746450b387991a6b96cf710.jpg,19,763,1263,https://hiking.biji.co/index.php?q=trail&act=detail&id=125
131,皇帝殿登山步道,https://cdntwrunning.biji.co/800_f9b0847aab274a0c997efbcee0d82115ea0fc9a7eb86f540a10d85ddf52d4c60.jpg,2023-04-18,2023-04-25,新北市石碇區,郊山步道,280~593公尺,低-中,https://cdntwrunning.biji.co/600_2647ea18114f7605b80f8f373ee12202.jpg,16,1565,2065,https://hiking.biji.co/index.php?q=trail&act=detail&id=131
136,白雲登山步道,https://cdntwrunning.biji.co/800_f8b3cf54956176dcfdf6461ed3b75a4745e2b05929f0f6870a410065044e254b.jpg,2023-04-03,2023-04-06,新北市汐止區,郊山步道,40~80公尺,低,https://cdntwrunning.biji.co/600_966c23166d01f2d54b2c2a60ceff99d7.jpg,16,1163,1663,https://hiking.biji.co/index.php?q=trail&act=detail&id=136
138,秀峰瀑布、龍船洞步道,https://cdntwrunning.biji.co/800_e63d8d68bf802a5b9ba19249e99c5558.jpg,2023-04-13,2023-04-15,新北市汐止區,郊山步道,33~133公尺,低,https://cdntwrunning.biji.co/600_fecda6e66fd98e8bbe73bfd0c1a89041.jpg,4,1223,1723,https://hiking.biji.co/index.php?q=trail&act=detail&id=138
139,大尖山步道,https://cdntwrunning.biji.co/800_3e42bdce11c8e5411f222f2306542de0.jpg,2023-04-17,2023-04-22,新北市汐止區,郊山步道,200~460公尺,低,https://cdntwrunning.biji.co/600_7ddf70d733fd42db145ed56a4be0d06d.jpg,23,2464,2964,https://hiking.biji.co/index.php?q=trail&act=detail&id=139
143,姜子寮絕壁步道,https://cdntwrunning.biji.co/800_bf6af1f157247d9fdaa7ca117150c4206553d6479156881b4f5384a011e7aea0.jpg,2023-03-29,2023-04-01,新北市汐止區,郊山步道,165~260公尺,低,https://cdntwrunning.biji.co/600_fe76d270a0dbef4062e01f3df241ffd5.jpg,19,2647,3147,https://hiking.biji.co/index.php?q=trail&act=detail&id=143
150,金瓜寮魚蕨步道,https://cdntwrunning.biji.co/800_dffb8e3a4bb681b0b13ce1158caa7405d939886b46f67636d65238a2a3268ebe.jpg,2023-03-31,2023-04-03,新北市坪林區,郊山步道,290~330公尺,低,https://cdntwrunning.biji.co/600_87c4db8a932f9b47f243831ea2481a8d.jpg,25,3027,3527,https://hiking.biji.co/index.php?q=trail&act=detail&id=150
152,大尾山登山步道(鬼子瀨尖山),https://cdntwrunning.biji.co/800_af35d72c6a49afec2d93f512d53c2b4b.jpg,2023-04-16,2023-04-23,新北市坪林區,郊山步道,195~636公尺,低-中,https://cdntwrunning.biji.co/600_e4d9ae6e5afeacab6a201298c1638908.jpg,24,1677,2177,https://hiking.biji.co/index.php?q=trail&act=detail&id=152
160,獅頭山公園步道,https://cdntwrunning.biji.co/800_287dba77899aa13517859ec085f90d06.jpg,2023-03-30,2023-04-02,新北市金山區,郊山步道,0~70公尺,低,https://cdntwrunning.biji.co/600_54f8f14de4c11369dc8fd4b42f19a3c3.jpg,15,2235,2735,https://hiking.biji.co/index.php?q=trail&act=detail&id=160
168,福巴越嶺步道,https://cdntwrunning.biji.co/800_186c81aa4100b6e836debfd4d6d59ed8b3f9a64a252e7fdc3bf17def459039da.jpg,2023-03-29,2023-03-31,"新北市烏來區,桃園市復興區",中級山步道,430~1666公尺,中,https://cdntwrunning.biji.co/600_57504b078033e583cba7e01695bcb156.jpg,20,3449,3949,https://hiking.biji.co/index.php?q=trail&act=detail&id=168
169,三貂角燈塔步道,https://cdntwrunning.biji.co/800_0e0674fc8b3dcedca81834eb4611dbd41c3abc6e2a376ae308cee98d184007dc.jpg,2023-03-28,2023-04-04,新北市貢寮區,郊山步道,24~94公尺,低,https://cdntwrunning.biji.co/600_4ef43241c944a7b0c8150881ca1b288c.jpg,24,817,1317,https://hiking.biji.co/index.php?q=trail&act=detail&id=169
170,桃源谷步道(內寮線),https://cdntwrunning.biji.co/800_ecf7fb3fc9b32f629bc2c7b457f50f1cc0c21433bf68338b2d5017d57ecdb608.jpg,2023-04-04,2023-04-07,新北市貢寮區,郊山步道,495~502公尺,低,https://cdntwrunning.biji.co/600_08683f31f68da295d52aa7d8c4d29be0.jpg,18,3193,3693,https://hiking.biji.co/index.php?q=trail&act=detail&id=170
174,興福寮上向天池步道(出清天宫) ,https://cdntwrunning.biji.co/800_243ae947c8fa904635f1647181a328d6.jpg,2023-04-17,2023-04-19,"臺北市北投區,新北市淡水區",郊山步道,394~881公尺,低-中,https://cdntwrunning.biji.co/600_6f7ceefb2cc5deb4ec4b80814f8c0cc9.jpg,25,1721,2221,https://hiking.biji.co/index.php?q=trail&act=detail&id=174
181,大崎嶺步道,https://cdntwrunning.biji.co/800_a17d5403a7c656b1cf0a4dca21ed0a6d.jpg,2023-04-15,2023-04-17,新北市深坑區,郊山步道,52~345公尺,低,https://cdntwrunning.biji.co/600_7b3cf302d5423ad7d3d56820e9f23cfd.jpg,9,2019,2519,https://hiking.biji.co/index.php?q=trail&act=detail&id=181
182,炮子崙越嶺親山步道,https://cdntwrunning.biji.co/800_9cdf1e249a962acabd4949db3b44ea351240032eec3b574e84188164d6e99a39.jpg,2023-04-15,2023-04-20,新北市深坑區,郊山步道,95~553公尺,低,https://cdntwrunning.biji.co/600_e194ec74ca3bf19044c19495ea7edd7b.jpg,21,1949,2449,https://hiking.biji.co/index.php?q=trail&act=detail&id=182
183,和美山步道,https://cdntwrunning.biji.co/800_d3b73df256f564da6f92f5741e0a9f7180fc4a5c3d70712c2c55446b9c44052d.jpg,2023-04-03,2023-04-05,新北市新店區,郊山步道,43~153公尺,低,https://cdntwrunning.biji.co/600_838eb84ac1d874327bfc2075174016fe.jpg,17,1348,1848,https://hiking.biji.co/index.php?q=trail&act=detail&id=183
184,新店獅頭山(小獅山)步道,https://cdntwrunning.biji.co/800_b1e95f234b9922cc6f009cc4a9131172d7c85682343f478519bbee7469e56c33.jpg,2023-03-29,2023-04-03,新北市新店區,郊山步道,32~221公尺,低,https://cdntwrunning.biji.co/600_cab870f401d9fad49e23c563cda61097.jpg,25,2423,2923,https://hiking.biji.co/index.php?q=trail&act=detail&id=184
185,獅仔頭山登山步道,https://cdntwrunning.biji.co/800_ee0a1da0bd17a37df6608688e04dcd07d8d001e83027eb73adad4dd4fa9581c1.jpg,2023-03-29,2023-04-03,新北市新店區,郊山步道,620~858公尺,低,https://cdntwrunning.biji.co/600_7092a4f2724029edf555ac7b2f9b8a06.jpg,7,1060,1560,https://hiking.biji.co/index.php?q=trail&act=detail&id=185
191,黃金神社步道,https://cdntwrunning.biji.co/800_d516f015a3b77f799026e23d9b73a3e1.jpg,2023-03-28,2023-03-31,新北市瑞芳區,郊山步道,301~408公尺,低,https://cdntwrunning.biji.co/600_1b06ad2a030324e85a139392032fe3fe.jpg,7,2419,2919,https://hiking.biji.co/index.php?q=trail&act=detail&id=191
192,南子吝登山步道,https://cdntwrunning.biji.co/800_47444b0623cf5892a54dc2170b129e41.jpg,2023-04-15,2023-04-18,新北市瑞芳區,郊山步道,10~196公尺,低,https://cdntwrunning.biji.co/600_8d3dc229e231333d23551e0eea1141cb.jpg,14,2982,3482,https://hiking.biji.co/index.php?q=trail&act=detail&id=192
194,鼻頭角步道,https://cdntwrunning.biji.co/800_08960450a442e2cfbd009fd1845840a2d1caa29352506ce0bb60dbbf57702830.jpg,2023-04-07,2023-04-14,新北市瑞芳區,郊山步道,7~102公尺,低,https://cdntwrunning.biji.co/600_968a3c206a90aa5b692c25d325e62a84.jpg,3,2727,3227,https://hiking.biji.co/index.php?q=trail&act=detail&id=194
198,粗坑口登山步道,https://cdntwrunning.biji.co/800_89f8436c7e102ffc12b0760ddccea2d6.jpg,2023-04-17,2023-04-23,新北市瑞芳區,郊山步道,160~320公尺,低,https://cdntwrunning.biji.co/600_5310a946f805e9547e423326c5b7ad85.jpg,7,1583,2083,https://hiking.biji.co/index.php?q=trail&act=detail&id=198
201,三貂嶺瀑布群步道,https://cdntwrunning.biji.co/800_e33d7954958d96b278e8ee54e4920a8527c52cacd2d8f5819709a6abd11f4bf6.jpg,2023-03-28,2023-03-30,"新北市瑞芳區,新北市平溪區",郊山步道,110~336公尺,低-中,https://cdntwrunning.biji.co/600_f27e48237fba5da885619ac0e9079315.jpg,21,1694,2194,https://hiking.biji.co/index.php?q=trail&act=detail&id=201
210,三角埔頂山步道,https://cdntwrunning.biji.co/800_156b5b6d0a1384016df59e9dd588e9d0.jpg,2023-04-02,2023-04-09,"新北市樹林區,桃園市龜山區",郊山步道,36~285公尺,低,https://cdntwrunning.biji.co/600_46cc3248d29845bd8239434204b71b2b.jpg,20,969,1469,https://hiking.biji.co/index.php?q=trail&act=detail&id=210
212,樹林大棟山、青龍嶺、大同山步道,https://cdntwrunning.biji.co/800_d46e9235662732e671ad683700b4a308f6da5bd341dadd7a3635c653225afea0.jpg,2023-04-16,2023-04-21,"新北市樹林區,桃園市龜山區",郊山步道,25~405公尺,低-中,https://cdntwrunning.biji.co/600_f875344272662f16d3ccb64cf8e83b88.jpg,11,3151,3651,https://hiking.biji.co/index.php?q=trail&act=detail&id=212
215,北勢溪古道,https://cdntwrunning.biji.co/800_49a7ecafe321bf0d3676450b05cb3484.jpg,2023-04-03,2023-04-05,新北市雙溪區,郊山步道,89~130公尺,低,https://cdntwrunning.biji.co/600_345513e9411b631c3ef7f4f53984354b.jpg,19,2601,3101,https://hiking.biji.co/index.php?q=trail&act=detail&id=215
218,無緣之墓登山步道(貂山古道),https://cdntwrunning.biji.co/800_71e091b6d7407e6d32a94a5dd1f549d38580840143620bcb60a37d748baea1e4.jpg,2023-04-12,2023-04-16,"新北市瑞芳區,新北市雙溪區",郊山步道,78~571公尺,低,https://cdntwrunning.biji.co/600_2bd9743cc141fff4bb0e20e03579453a.jpg,11,1996,2496,https://hiking.biji.co/index.php?q=trail&act=detail&id=218
228,東眼山自導式步道,https://cdntwrunning.biji.co/800_02614642b073495c4cae1be8abfe4fb806745fa4975dfa8102c143e19c7ab9dc.jpg,2023-04-10,2023-04-14,桃園市復興區,郊山步道,920~1212公尺,低,https://cdntwrunning.biji.co/600_c32a641fe820176ae0565e3801c3e64b.jpg,13,2599,3099,https://hiking.biji.co/index.php?q=trail&act=detail&id=228
229,赫威神木群步道,https://cdntwrunning.biji.co/800_b4ccdea770e4efcb3c1e904f726996e5.jpg,2023-04-05,2023-04-10,桃園市復興區,郊山步道,903~1337公尺,低-中,https://cdntwrunning.biji.co/600_68743f16fce46e56c1a42bb0ec18be3f.jpg,12,2464,2964,https://hiking.biji.co/index.php?q=trail&act=detail&id=229
231,龍潭小粗坑古道,https://cdntwrunning.biji.co/800_e94a7a21d0c108f9a57d3097306488088f81a5cb20f16cf303a34de588d47ea0.jpg,2023-04-14,2023-04-19,桃園市龍潭區,郊山步道,280~460公尺,低,https://cdntwrunning.biji.co/600_dfc23e8fc165167229f40d8ab46fcc05.jpg,19,1155,1655,https://hiking.biji.co/index.php?q=trail&act=detail&id=231
232,桃園石門山步道,https://cdntwrunning.biji.co/800_6be4919e7ad5ea1d78591b424eb00db10097e1ad2a91be20bf489fb8798b7330.jpg,2023-04-07,2023-04-13,桃園市龍潭區,郊山步道,325~551公尺,低,https://cdntwrunning.biji.co/600_68bf934ac1c0f58e8b5bd16ebb7eadfe.jpg,13,1794,2294,https://hiking.biji.co/index.php?q=trail&act=detail&id=232
234,十八尖山步道,https://cdntwrunning.biji.co/800_79bcb456975304dc63559d06b3a313288713e171e44ce2dcb33cfc805d8afcd7.jpg,2023-04-02,2023-04-09,新竹市東區,郊山步道,50~129公尺,低,https://cdntwrunning.biji.co/600_9eeb07fb21796823783960c3f914e827.gif,12,1351,1851,https://hiking.biji.co/index.php?q=trail&act=detail&id=234
235,觀霧瀑布步道,https://cdntwrunning.biji.co/800_bb5a04d73dffbedb51222b4595a8cbba6e5753a8637c844dca524692ebbf4adc.jpg,2023-04-12,2023-04-14,新竹縣五峰鄉,中級山步道,1750~2050公尺,低-中,https://cdntwrunning.biji.co/600_33fa9b3d82b1184faad6c5f5e5abacd0.jpg,24,1188,1688,https://hiking.biji.co/index.php?q=trail&act=detail&id=235
236,檜山巨木森林步道,https://cdntwrunning.biji.co/800_4f6ae4e954a7c3cb6be681088fbad7c87d8486e517ed7099cdccd88211b3a117.jpg,2023-04-16,2023-04-18,新竹縣五峰鄉,中級山步道,2060~2360公尺,低-中,https://cdntwrunning.biji.co/600_79c6758118fba917e2080a065c9995de.jpg,19,1234,1734,https://hiking.biji.co/index.php?q=trail&act=detail&id=236
238,霞喀羅國家步道,https://cdntwrunning.biji.co/800_82214c9e32ac84e6afaa688d44e38ffcc09d872b0b7258debb18bebfb110c3d7.jpg,2023-04-09,2023-04-14,"新竹縣五峰鄉,新竹縣尖石鄉",中級山步道,1247~1507公尺,中,https://cdntwrunning.biji.co/600_9f2432fabe0a29cfa8e72657b2c766cf.jpg,11,2037,2537,https://hiking.biji.co/index.php?q=trail&act=detail&id=238
240,高台山連走島田山山徑(高島縱走),https://cdntwrunning.biji.co/800_3ea9183d4428599e2afce21f6fc0173f5a3f98ece5b2d592cfa4a073ad44433c.jpg,2023-04-08,2023-04-15,新竹縣尖石鄉,中級山步道,1061~1831公尺,中,https://cdntwrunning.biji.co/600_c75a44ebc7a58716f8407f1b7cd7de2e.png,23,563,1063,https://hiking.biji.co/index.php?q=trail&act=detail&id=240
241,鎮西堡巨木群步道（B區）,https://cdntwrunning.biji.co/800_0eba2790e3440478af06690fe4c7d73c5beb0bf56a08d3a0ba8aaa9497572bd4.jpg,2023-04-16,2023-04-22,新竹縣尖石鄉,中級山步道,1720~2180公尺,中,https://cdntwrunning.biji.co/600_9163dd870389bd88bbd82c522216c538.jpeg,18,1085,1585,https://hiking.biji.co/index.php?q=trail&act=detail&id=241
242,大霸群峰登山步道(大鹿林道線),https://cdntwrunning.biji.co/800_e0be7082dea42849097b7dbbbc9f2c5d8b48b92976c5a10e6f26c588fd2f55f4.jpg,2023-04-15,2023-04-19,"新竹縣尖石鄉,苗栗縣泰安鄉",高山步道,2050~3492公尺,中-高,https://cdntwrunning.biji.co/600_70ea07b5a0a1e47e25f189abbc01520c.jpg,18,1265,1765,https://hiking.biji.co/index.php?q=trail&act=detail&id=242
243,五指山登山步道,https://cdntwrunning.biji.co/800_ced2978db0ba6066d6ce73cd6784e6604771913e59e070c120dc9aaf90910c58.jpg,2023-04-10,2023-04-15,新竹縣竹東鎮,郊山步道,800~1061公尺,低-中,https://cdntwrunning.biji.co/600_28c1e9f935cf72492bf54426ac4a88f5.jpg,7,3494,3994,https://hiking.biji.co/index.php?q=trail&act=detail&id=243
244,騎龍古道,https://cdntwrunning.biji.co/800_cbcb41b55a54adf163322c439a09801acb52bca339c2a4152d96188ac4ab086d.jpg,2023-04-02,2023-04-06,新竹縣橫山鄉,郊山步道,370~440公尺,低,https://cdntwrunning.biji.co/600_529a337463a96a5389e1dff3f0b5feb6.jpg,4,1558,2058,https://hiking.biji.co/index.php?q=trail&act=detail&id=244
246,寶山水庫環湖步道,https://cdntwrunning.biji.co/800_3e2856f4ab2f0395be4e340d48443038dba8a779c451f86bfbdfc0461fc338a3.jpg,2023-04-12,2023-04-15,新竹縣寶山鄉,郊山步道,161~211公尺,低,https://cdntwrunning.biji.co/600_c424ffe1c0b3c0807f173703eb8787fc.jpg,13,2009,2509,https://hiking.biji.co/index.php?q=trail&act=detail&id=246
247,馬那邦山登山步道,https://cdntwrunning.biji.co/800_ee945eb27c58d2e9ff76f49859507b964a1ddfb20d6e580be5d05c4496e47472.jpg,2023-04-18,2023-04-25,"苗栗縣大湖鄉,苗栗縣泰安鄉",郊山步道,1000~1407公尺,低-中,https://cdntwrunning.biji.co/600_4a3f3d9b31e327f1055085ec3bcebd69.jpg,15,2431,2931,https://hiking.biji.co/index.php?q=trail&act=detail&id=247
248,蓬萊溪護魚步道,https://cdntwrunning.biji.co/800_7c74e19bdfbda47d9cb5a5a7488253516153d1a865218281eb6acbfff4ebbe5d.jpg,2023-04-16,2023-04-20,苗栗縣南庄鄉,郊山步道,390~455公尺,低,https://cdntwrunning.biji.co/600_72e0982a606aa710fea2eb7750703a89.jpg,9,2994,3494,https://hiking.biji.co/index.php?q=trail&act=detail&id=248
249,加里山登山步道,https://cdntwrunning.biji.co/800_50fee495f3e503c8e3671c3d6b3cd1fd.jpg,2023-04-06,2023-04-11,苗栗縣南庄鄉,中級山步道,1280~2220公尺,中,https://cdntwrunning.biji.co/600_b7376b86a854830a2b84d046ca810507.jpg,18,3023,3523,https://hiking.biji.co/index.php?q=trail&act=detail&id=249
250,好望角步道,https://cdntwrunning.biji.co/800_10bb1a6e77a92603b7c88c44984a1faf60fc76cf1c63c5a010f8926c052946da.jpg,2023-03-29,2023-04-01,苗栗縣後龍鎮,郊山步道,27~97公尺,低,https://cdntwrunning.biji.co/600_9e8ba55954e7e1e2f5c3a5f1b95fd70d.jpg,4,3094,3594,https://hiking.biji.co/index.php?q=trail&act=detail&id=250
256,仙山登山步道,https://cdntwrunning.biji.co/800_bf698493a0a0f1f1d3010fd19f282727.jpg,2023-04-10,2023-04-15,"苗栗縣南庄鄉,苗栗縣獅潭鄉",郊山步道,707~967公尺,低-中,https://cdntwrunning.biji.co/600_44faac6109f3cf6cdf2f77c8aae2d9c0.jpg,15,939,1439,https://hiking.biji.co/index.php?q=trail&act=detail&id=256
258,大坑9、10號步道,https://cdntwrunning.biji.co/800_28b74a7ec758ce90a0cca44452609894712c9c510b1dbdb18cdde4ac48542710.jpg,2023-03-31,2023-04-06,臺中市北屯區,郊山步道,170~320公尺,低,https://cdntwrunning.biji.co/600_cf2ef73d7ccf9f69bf0141a318e6696a.jpg,10,2022,2522,https://hiking.biji.co/index.php?q=trail&act=detail&id=258
259,八仙山主峰步道,https://cdntwrunning.biji.co/800_75a9272b4c89de69687d66b70ce48ec4.jpg,2023-03-31,2023-04-03,臺中市和平區,中級山步道,1029~2366公尺,中,https://cdntwrunning.biji.co/600_6c88e59eb8f92c22604e068a12ce9ab4.jpg,20,1882,2382,https://hiking.biji.co/index.php?q=trail&act=detail&id=259
260,八仙山國家森林遊樂區步道群,https://cdntwrunning.biji.co/800_89be087d3c18a381bbb0c1bc07c0eda3.jpg,2023-04-07,2023-04-10,台中市和平區,郊山步道,750~1100公尺,低,https://cdntwrunning.biji.co/600_5d01b6f26cf8e90936620a19ef2c5ed2.jpg,23,861,1361,https://hiking.biji.co/index.php?q=trail&act=detail&id=260
261,德芙蘭步道,https://cdntwrunning.biji.co/800_6f87d9334be4255dc9ea0f5e8bc46090.jpg,2023-04-02,2023-04-07,台中市和平區,郊山步道,700~975公尺,低,https://cdntwrunning.biji.co/600_8c33aa45cb71dbfd0991e02a76c4ca53.jpg,4,2380,2880,https://hiking.biji.co/index.php?q=trail&act=detail&id=261
262,桃山瀑布步道,https://cdntwrunning.biji.co/800_e7beccbc14944af548fafd9b9b2441dad9243729cae9c22d34414f511989cb34.jpg,2023-04-15,2023-04-18,臺中市和平區,中級山步道,1800~2250公尺,低,https://cdntwrunning.biji.co/600_b1839b0f59b832d6f44a8d68fa9ed6c8.jpg,9,2698,3198,https://hiking.biji.co/index.php?q=trail&act=detail&id=262
263,唐麻丹山步道,https://cdntwrunning.biji.co/800_a25af470d5236442522c90bafdfe9116d05060edfc12047a0248f1c4c429049d.jpg,2023-04-07,2023-04-09,臺中市和平區,郊山步道,650~1305公尺,低-中,https://cdntwrunning.biji.co/600_83d5e58996ece4092369758aa8143aa0.jpg,18,1122,1622,https://hiking.biji.co/index.php?q=trail&act=detail&id=263
264,鳶嘴稍來山國家步道,https://cdntwrunning.biji.co/800_f6def663515e7e4894ef59e725879d42138286afeee6d9c78177e66fdf10c938.jpg,2023-04-04,2023-04-06,臺中市和平區,中級山步道,1800~2600公尺,中,https://cdntwrunning.biji.co/600_2045eda8968ede99fc56740355109a52.jpg,22,1064,1564,https://hiking.biji.co/index.php?q=trail&act=detail&id=264
265,東卯山步道,https://cdntwrunning.biji.co/800_883d993cf50c6c1bbae97026e476a272.jpg,2023-04-05,2023-04-07,臺中市和平區,中級山步道,791~1690公尺,中,https://cdntwrunning.biji.co/600_596bc2a98f5f153046755bb6def638e2.jpg,13,545,1045,https://hiking.biji.co/index.php?q=trail&act=detail&id=265
266,白毛山步道,https://cdntwrunning.biji.co/800_207ff689e430c34778d9776765062316.jpg,2023-04-10,2023-04-17,臺中市和平區,中級山步道,570~1522公尺,中,https://cdntwrunning.biji.co/600_3c2010635da945d16dfdf173898c77ab.jpg,11,3222,3722,https://hiking.biji.co/index.php?q=trail&act=detail&id=266
267,馬崙山步道,https://cdntwrunning.biji.co/800_3fecbf12b87b801490cbe84a7f995bc82c3775dbe2e74043c97da38d9a76c89b.jpg,2023-04-06,2023-04-08,臺中市和平區,中級山步道,1210~2305公尺,中,https://cdntwrunning.biji.co/600_a5456b77eb3e2a476b5ef78458b28f4e.png,20,2763,3263,https://hiking.biji.co/index.php?q=trail&act=detail&id=267
268,屋我尾山步道,https://cdntwrunning.biji.co/800_671727376ccb2a6a36cab0108d262f5d.jpg,2023-04-01,2023-04-07,臺中市和平區,中級山步道,743~1915公尺,中,https://cdntwrunning.biji.co/600_e4d315898544f24a63bd60a28d1c25c2.jpg,11,2449,2949,https://hiking.biji.co/index.php?q=trail&act=detail&id=268
269,大雪山森林遊樂區木馬古道,https://cdntwrunning.biji.co/800_828fc48a202ea6c4f2fbb4f9fd31fcd972bb8ab0db975b7ed1de189a8af8d5f9.jpg,2023-04-14,2023-04-16,台中市和平區,中級山步道,1900~2000公尺,低,https://cdntwrunning.biji.co/600_478c0a50e7b5596efae70de13f378318.jpg,5,1960,2460,https://hiking.biji.co/index.php?q=trail&act=detail&id=269
270,大雪山森林遊樂區森林浴步道,https://cdntwrunning.biji.co/800_67ac4ed2356b168b7c4d54fa00235da4b67ae3732f21529e01079fc022bd2d13.jpg,2023-03-28,2023-04-03,台中市和平區,中級山步道,2110~2250公尺,低,https://cdntwrunning.biji.co/600_1c00add3baa602f6fe9c18aa59d0d60b.jpg,5,2837,3337,https://hiking.biji.co/index.php?q=trail&act=detail&id=270
271,波津加山步道,https://cdntwrunning.biji.co/800_3da7a8792d15df5179defed68cac29df.jpg,2023-04-11,2023-04-13,臺中市和平區,中級山步道,700~1770公尺,中,https://cdntwrunning.biji.co/600_da5438a7cc2758a92d81610b4359f09b.jpg,25,3105,3605,https://hiking.biji.co/index.php?q=trail&act=detail&id=271
272,斯可巴步道,https://cdntwrunning.biji.co/800_ae86483728ca33d3caae48f597499a9a.jpg,2023-04-12,2023-04-18,台中市和平區,郊山步道,1050~1455公尺,低-中,https://cdntwrunning.biji.co/600_6a3d8ad871166b1595fa8b2b1ca89e94.jpg,4,2553,3053,https://hiking.biji.co/index.php?q=trail&act=detail&id=272
273,橫嶺山登山步道,https://cdntwrunning.biji.co/800_4092934daf25ac74c5320b382302863e.jpg,2023-04-01,2023-04-07,台中市和平區,中級山步道,1763~2023公尺,低-中,https://cdntwrunning.biji.co/600_7584e5dcfb1b95792efde159d34d730e.jpg,16,912,1412,https://hiking.biji.co/index.php?q=trail&act=detail&id=273
278,坑內坑森林步道,https://cdntwrunning.biji.co/800_ea83c794e917208d2c36f41896076c1ce10b73ba17491e4342436ae5e4d037c3.jpg,2023-04-13,2023-04-17,"彰化縣二水鄉,南投縣名間鄉",郊山步道,140~380公尺,低,https://cdntwrunning.biji.co/600_568cfc580b3a9925cfc266d704a38f82.jpg,5,3095,3595,https://hiking.biji.co/index.php?q=trail&act=detail&id=278
282,清水岩十八彎步道,https://cdntwrunning.biji.co/800_7e963bc115b387b5793732f00c88c2325cc615bc7ad0bf7dd939c880398bbfe0.jpg,2023-04-12,2023-04-14,"彰化縣社頭鄉,彰化縣田中鎮",郊山步道,120~320公尺,低,https://cdntwrunning.biji.co/600_060fc03310c7804f6e08dd5f04115a32.jpg,15,2441,2941,https://hiking.biji.co/index.php?q=trail&act=detail&id=282
285,桃源里森林步道,https://cdntwrunning.biji.co/800_c1f3a649cad34ff0a4d724f9650853b8.jpg,2023-04-18,2023-04-20,彰化縣彰化市,郊山步道,112~140公尺,低,https://cdntwrunning.biji.co/600_f22c98ae74325022304c03f2f185900c.jpg,4,2864,3364,https://hiking.biji.co/index.php?q=trail&act=detail&id=285
286,合歡尖山步道,https://cdntwrunning.biji.co/800_f790e24eeb7124639dfd9f866c73ac4c9e582f4d4c64a925c21d123dedbcf5b0.jpg,2023-03-29,2023-04-05,"南投縣仁愛鄉,花蓮縣秀林鄉",高山步道,3158~3217公尺,低-中,https://cdntwrunning.biji.co/600_9ffe8a02b84b1145ab8512c42ef9f7dd.jpg,7,1460,1960,https://hiking.biji.co/index.php?q=trail&act=detail&id=286
287,合歡東峰步道,https://cdntwrunning.biji.co/800_acfba5d425f97528c273b948ecdfbd3611b251dcda6db1d6b4fe74a2e3758c50.jpg,2023-04-12,2023-04-15,"南投縣仁愛鄉,花蓮縣秀林鄉",高山步道,3100~3421公尺,低-中,https://cdntwrunning.biji.co/600_1818d558e34f2a78a4a35db1b901344c.jpg,16,3038,3538,https://hiking.biji.co/index.php?q=trail&act=detail&id=287
288,合歡北峰步道,https://cdntwrunning.biji.co/800_126f1e7abffe01d950c52d7b4de9bdcef36d7aebdc6d1cb93bbd8324ee8146a7.jpg,2023-04-18,2023-04-25,"南投縣仁愛鄉,花蓮縣秀林鄉",高山步道,2975~3422公尺,低-中,https://cdntwrunning.biji.co/600_8f776878b078aa441bd75967f3b444a1.jpg,3,3407,3907,https://hiking.biji.co/index.php?q=trail&act=detail&id=288
289,合歡主峰步道,https://cdntwrunning.biji.co/800_3752543254f0c6589b0babf4401f98293404299b005dc77bc0ae9595950d00a3.jpg,2023-03-29,2023-04-03,"南投縣仁愛鄉,花蓮縣秀林鄉",高山步道,3186~3416公尺,低,https://cdntwrunning.biji.co/600_c2300f1a1543c89c08035a2764d84e07.jpg,4,1792,2292,https://hiking.biji.co/index.php?q=trail&act=detail&id=289
290,奧萬大國家森林遊樂區步道群,https://cdntwrunning.biji.co/800_a84fd14c6925850fe24d8cd1891d9dc4427ddf0fe6e52612723fb41d1db0d0cb.jpg,2023-04-13,2023-04-20,南投縣仁愛鄉,中級山步道,1100~2600公尺,低,https://cdntwrunning.biji.co/600_973e86822e8c8797c61c3a066d65e424.jpg,18,2670,3170,https://hiking.biji.co/index.php?q=trail&act=detail&id=290
297,鹿林山步道,https://cdntwrunning.biji.co/800_f07ba26d97f5dbf47010fef624c7c3c2fde401b0fa53a72bbbc951cc1f024ec0.jpg,2023-04-04,2023-04-08,南投縣信義鄉,中級山步道,2505~2862公尺,低,https://cdntwrunning.biji.co/600_78d1d7923a6c1a0c0b5606fe45251eec.jpg,22,1076,1576,https://hiking.biji.co/index.php?q=trail&act=detail&id=297
298,麟趾山步道,https://cdntwrunning.biji.co/800_1193d0c9b815a897bc1182131e0b1487bf8264af5d0079a1ba0f7d6be3d217e5.jpg,2023-04-16,2023-04-21,南投縣信義鄉,中級山步道,2600~2854公尺,低,https://cdntwrunning.biji.co/600_c69c1683c9ce599cd405671eeb7c737c.jpg,20,2280,2780,https://hiking.biji.co/index.php?q=trail&act=detail&id=298
299,玉山主峰步道,https://cdntwrunning.biji.co/800_b0e9902c4a7b6a7164ff32f0a80e9ce27e8ace627fb20ae7dfd7021891452a07.jpg,2023-04-11,2023-04-16,"南投縣信義鄉,高雄市桃源區",高山步道,2610~3952公尺,中,https://cdntwrunning.biji.co/600_d95c300bc06733fb2fad97172aa2d530.jpg,10,2255,2755,https://hiking.biji.co/index.php?q=trail&act=detail&id=299
300,南投鯉魚潭森林步道,https://cdntwrunning.biji.co/800_789682225d28f41e6494b1b1fb400dc49b97ee8e7e3c767a725975e006fe7bfe.jpg,2023-03-28,2023-03-30,南投縣埔里鎮,郊山步道,520~560公尺,低,https://cdntwrunning.biji.co/600_3e53b21acdfa84dee46fbcca011f65c8.jpg,11,3418,3918,https://hiking.biji.co/index.php?q=trail&act=detail&id=300
303,溪頭觀景步道,https://cdntwrunning.biji.co/800_8205c68e5b816669c2029974e23baf4458e660d06aecaeb4d339b48aef5438ec.jpg,2023-04-03,2023-04-09,南投縣鹿谷鄉,郊山步道,1168~1233公尺,低,https://cdntwrunning.biji.co/600_8729b27f67e5fe66afe95ff7f2d0e5f0.jpg,16,1581,2081,https://hiking.biji.co/index.php?q=trail&act=detail&id=303
306,龍過脈森林步道,https://cdntwrunning.biji.co/800_0493f3752f4ef6e679549320e4538347741fa8f354193d793e9895c1327e58b7.jpg,2023-04-09,2023-04-16,雲林縣林內鄉,郊山步道,90~265公尺,低,https://cdntwrunning.biji.co/600_0a4d8457f060e1d7560d9201f01610c9.jpg,19,1088,1588,https://hiking.biji.co/index.php?q=trail&act=detail&id=306
308,關仔嶺大凍山步道,https://cdntwrunning.biji.co/800_d7b3c11425091778b59b885da3418f054a92074f5d8d0ee98620e730c5cc89c0.jpg,2023-04-09,2023-04-15,"嘉義縣大埔鄉,臺南市白河區",郊山步道,601~1241公尺,低-中,https://cdntwrunning.biji.co/600_3caf941361f652fe69833eb9d4812c91.jpg,7,1558,2058,https://hiking.biji.co/index.php?q=trail&act=detail&id=308
309,奮起湖大凍山步道,https://cdntwrunning.biji.co/800_124117f5f4b15ee8f6d4b47602bf5db03aa3a7f364f6a29a7f8f5e3c43bd79e2.jpg,2023-03-30,2023-04-06,"嘉義縣梅山鄉,嘉義縣竹崎鄉,嘉義縣阿里山鄉",中級山步道,1640~1976公尺,低,https://cdntwrunning.biji.co/600_c57cf929aa8db9af4ef230a44576fc98.jpg,7,2211,2711,https://hiking.biji.co/index.php?q=trail&act=detail&id=309
310,獨立山國家步道,https://cdntwrunning.biji.co/800_042a148eff3abfa9f334a0ac398fdb51ff98272e2ce347d258a67fcbe5467790.jpg,2023-03-31,2023-04-06,嘉義縣竹崎鄉,郊山步道,543~816公尺,低,https://cdntwrunning.biji.co/600_dc594e258a3a03e475c33933cc0fc7d2.png,12,2734,3234,https://hiking.biji.co/index.php?q=trail&act=detail&id=310
311,龍銀山步道,https://cdntwrunning.biji.co/800_8f0bce5b1a86b0c6be6bbc47240d1b39.jpg,2023-04-08,2023-04-13,"嘉義縣竹崎鄉,嘉義縣番路鄉",郊山步道,1197~1427公尺,低,https://cdntwrunning.biji.co/600_904e75df26e0df10012fabfc3ef5d278.jpg,16,1066,1566,https://hiking.biji.co/index.php?q=trail&act=detail&id=311
313,奮瑞古道,https://cdntwrunning.biji.co/800_730876479f53a1fa1ced41c11063bf1e227b88ac10688493203cfc1090428259.jpg,2023-04-16,2023-04-21,嘉義縣竹崎鄉,中級山步道,1100~1600公尺,低-中,https://cdntwrunning.biji.co/600_c5fb65ed4d6618d91dcab8f8ab41f392.jpg,4,721,1221,https://hiking.biji.co/index.php?q=trail&act=detail&id=313
315,特富野古道,https://cdntwrunning.biji.co/800_7caeed2699e926b94c1934af353a0e77d6ecac8a1198ab0ed2e8ea65eb83c3d7.jpg,2023-04-01,2023-04-03,嘉義縣阿里山鄉,中級山步道,1700~2300公尺,低-中,https://cdntwrunning.biji.co/600_0eafa494c6a6cf6dcb2acd7e34151b14.jpg,11,2882,3382,https://hiking.biji.co/index.php?q=trail&act=detail&id=315
319,崁頭山步道,https://cdntwrunning.biji.co/800_10f8a094186336a2d55b32c0ed4ee6abbbd7ae3f3a6b4664a68d025ad6fee1ee.jpg,2023-04-07,2023-04-10,臺南市東山區,郊山步道,580~844公尺,低-中,https://cdntwrunning.biji.co/600_65cb3b3783658a0d9ab53ea8ee534231.jpg,8,2513,3013,https://hiking.biji.co/index.php?q=trail&act=detail&id=319
321,尾寮山登山步道,https://cdntwrunning.biji.co/800_2ad7325b39054da8e7be71a90e477e02c8565c1c2b48edaaff127d240dbe50b4.jpg,2023-04-16,2023-04-23,"高雄市茂林區,屏東縣高樹鄉",郊山步道,154~1427公尺,中,https://cdntwrunning.biji.co/600_b3142148346be5e5d5e8425302f1fecc.jpg,15,1184,1684,https://hiking.biji.co/index.php?q=trail&act=detail&id=321
323,美濃雙溪樹木園步道,https://cdntwrunning.biji.co/800_d7a9757d514fbd1cd9ac6deb75b0c185e988ffef97de1bd97d5fa84bdbdb923d.jpg,2023-04-08,2023-04-14,高雄市美濃區,郊山步道,90~200公尺,低,https://cdntwrunning.biji.co/600_a2c3976ae66b3aef5f171f481a80dfba.jpg,10,599,1099,https://hiking.biji.co/index.php?q=trail&act=detail&id=323
326,旗后(後)山景觀步道,https://cdntwrunning.biji.co/800_9ce3abe9742b57815f50af2d6399b1ddecea30426f77f83a6274cadf1fb09238.jpg,2023-03-29,2023-04-03,高雄市旗津區,郊山步道,39~50公尺,低,https://cdntwrunning.biji.co/600_99b35f70b053dbcfc6e165b87c2c8ebd.jpg,24,2369,2869,https://hiking.biji.co/index.php?q=trail&act=detail&id=326
336,里龍山自然步道,https://cdntwrunning.biji.co/800_ea8e31a9c0705e9e0ffab7de9b7e26be00d03a19629a7c4bf4fac3db31da3c53.jpg,2023-04-05,2023-04-12,"屏東縣獅子鄉,屏東縣牡丹鄉",郊山步道,212~1062公尺,中,https://cdntwrunning.biji.co/600_c76e46b3d41525ae6ef9b16b875f28c7.jpg,21,603,1103,https://hiking.biji.co/index.php?q=trail&act=detail&id=336
338,北大武山步道,https://cdntwrunning.biji.co/800_ec65956b52bc8ccaea1a9ab59dc48e2dd03a05ef7737f03a542c3d883df8622e.jpg,2023-04-07,2023-04-12,"屏東縣瑪家鄉,屏東縣泰武鄉,臺東縣金峰鄉",高山步道,1550~3090公尺,中-高,https://cdntwrunning.biji.co/600_2b500faade41966c8857ee3cd81fef0d.jpg,21,990,1490,https://hiking.biji.co/index.php?q=trail&act=detail&id=338
344,知本林道,https://cdntwrunning.biji.co/800_dbc2f020980d4b2f17a7adbc373e62a1.jpg,2023-04-04,2023-04-10,台東縣卑南鄉,郊山步道,147~662公尺,低,https://cdntwrunning.biji.co/600_2b5997a38632cb0497f5ea33ae2d73a1.jpg,8,759,1259,https://hiking.biji.co/index.php?q=trail&act=detail&id=344
346,都蘭山步道,https://cdntwrunning.biji.co/800_4fe9e164596265652b6b138270f773e6dba54a735ab768d6ce2b3d9ba01d8752.jpg,2023-04-07,2023-04-13,台東縣東河鄉,中級山步道,590~1190公尺,低-中,https://cdntwrunning.biji.co/600_cb3c1bfd986e7c79184110644fb04921.jpg,8,677,1177,https://hiking.biji.co/index.php?q=trail&act=detail&id=346
347,嘉明湖步道,https://cdntwrunning.biji.co/800_26364cdd987ea1909f5c2358e1f6e1798357aecf1eefbb3e7882ee69428f8d34.jpg,2023-04-11,2023-04-15,臺東縣海端鄉,高山步道,2275~3602公尺,中-高,https://cdntwrunning.biji.co/600_11e9101c28d7e6c070963cc10a8f54c5.jpg,24,1440,1940,https://hiking.biji.co/index.php?q=trail&act=detail&id=347
348,浸水營古道,https://cdntwrunning.biji.co/800_070fd79e69955b780700a0271213f81166c2741aaee6a9c67949bf4380f8661a.jpg,2023-04-07,2023-04-14,"屏東縣枋寮鄉,臺東縣達仁鄉",郊山步道,200~1450公尺,低-中,https://cdntwrunning.biji.co/600_65510a7fe9236d07b2c1883353669b97.jpg,20,3311,3811,https://hiking.biji.co/index.php?q=trail&act=detail&id=348
354,綠水步道,https://cdntwrunning.biji.co/800_f5b33734f921ff4f9f8f74d37beb0eeb483522e636ddd0ea23ee71f5e036d46e.jpg,2023-04-17,2023-04-20,花蓮縣秀林鄉,郊山步道,410~473公尺,低,https://cdntwrunning.biji.co/600_c063a6faaba0aebb6467513b2a7951cf.jpg,17,2948,3448,https://hiking.biji.co/index.php?q=trail&act=detail&id=354
355,砂卡礑步道,https://cdntwrunning.biji.co/800_962630f66c562a1700aac2b551bc0eca7785f39919896a4451b6085f58231728.jpg,2023-03-31,2023-04-02,花蓮縣秀林鄉,郊山步道,87~210公尺,低,https://cdntwrunning.biji.co/600_4cf7f6c751638d794ade982c04b0034a.jpg,25,3284,3784,https://hiking.biji.co/index.php?q=trail&act=detail&id=355
356,得卡倫步道,https://cdntwrunning.biji.co/800_55b1aef6b2857eca0b164759bdd7704e.jpg,2023-03-31,2023-04-06,花蓮縣秀林鄉,郊山步道,100~480公尺,低,https://cdntwrunning.biji.co/600_81941bbe122b09c48e2ff2079f85cf34.jpg,10,2846,3346,https://hiking.biji.co/index.php?q=trail&act=detail&id=356
357,白楊步道,https://cdntwrunning.biji.co/800_723580a64cfbed99df33b99395346b24df736aed7ac9599dc628b91ff0e1cc05.jpg,2023-03-28,2023-04-02,花蓮縣秀林鄉,郊山步道,490~542公尺,低,https://cdntwrunning.biji.co/600_9fa893c511adcc32edeb801568fa3c17.jpg,13,2364,2864,https://hiking.biji.co/index.php?q=trail&act=detail&id=357
358,佐倉步道,https://cdntwrunning.biji.co/800_88a108a2a12230552deeb61293fad6751064f5e48ded1c0a66864b9976df49c9.jpg,2023-04-03,2023-04-09,花蓮縣秀林鄉,郊山步道,70~495公尺,低,https://cdntwrunning.biji.co/600_6bea9e6d34fafd4a34b1b45ab34de312.jpg,3,694,1194,https://hiking.biji.co/index.php?q=trail&act=detail&id=358
359,瓦拉米步道,https://cdntwrunning.biji.co/800_01a9d668856ec1623987aeea37db76ae4f4813054d7c46c54fc5c5c52740e57d.jpg,2023-04-15,2023-04-17,花蓮縣卓溪鄉,郊山步道,600~1060公尺,低-中,https://cdntwrunning.biji.co/600_2bd484f912f41609f5425888b820e3c6.jpg,8,2514,3014,https://hiking.biji.co/index.php?q=trail&act=detail&id=359
362,花蓮虎頭山步道,https://cdntwrunning.biji.co/800_ac4d8cfbfe676c3bd8aa46a4813b4075.jpg,2023-04-01,2023-04-07,"花蓮縣瑞穗鄉,花蓮縣萬榮鄉",郊山步道,110~380公尺,低,https://cdntwrunning.biji.co/600_ab5ea174d56256122bd07df880a25b22.jpg,17,1280,1780,https://hiking.biji.co/index.php?q=trail&act=detail&id=362
365,花蓮鯉魚山步道群,https://cdntwrunning.biji.co/800_5804f2ae8b588f4835cc48ad7bb18593366902fa0728b236077d23c5a88be4c2.jpg,2023-04-08,2023-04-14,花蓮縣壽豐鄉,郊山步道,145~601公尺,低,https://cdntwrunning.biji.co/600_818bc0f04c4eafe88e5c0b8155cf1d48.jpg,16,1691,2191,https://hiking.biji.co/index.php?q=trail&act=detail&id=365
368,棲蘭神木園步道,https://cdntwrunning.biji.co/800_455a4fd0cceb8e0c64579132c7b937cf500a6dc53e47a2bc0d44440373e3c3f5.jpg,2023-04-08,2023-04-14,宜蘭縣大同鄉,中級山步道,1470~1648公尺,低,https://cdntwrunning.biji.co/600_d49dd38d64121b76e2b88365fa5ef535.jpg,5,509,1009,https://hiking.biji.co/index.php?q=trail&act=detail&id=368
369,九寮溪自然步道,https://cdntwrunning.biji.co/800_87634c158ecbd7aee91b0b381d669591a0830afd0d147bbd708175db222dadb8.jpg,2023-04-09,2023-04-11,宜蘭縣大同鄉,郊山步道,200~375公尺,低-中,https://cdntwrunning.biji.co/600_a3c1b0c6f1382735a335dab1bb040246.jpg,16,1085,1585,https://hiking.biji.co/index.php?q=trail&act=detail&id=369
370,見晴懷古步道,https://cdntwrunning.biji.co/800_ce7d6201af22fc4e89b11bdc996c7b4d38eabe7e79ab3c9b7bf437456b4147f4.jpg,2023-04-17,2023-04-21,宜蘭縣大同鄉,中級山步道,1890~2000公尺,低,https://cdntwrunning.biji.co/600_509efbe2a9469e88fbb12e72dd780d7d.jpg,19,2498,2998,https://hiking.biji.co/index.php?q=trail&act=detail&id=370
371,鳩之澤自然步道,https://cdntwrunning.biji.co/800_82649cd9c7e71637f6767aa7b5c479d5.jpg,2023-04-04,2023-04-07,宜蘭縣大同鄉,郊山步道,520~700公尺,低,https://cdntwrunning.biji.co/600_986a6498c78d139bb8aa93e71e87e29f.jpg,8,1800,2300,https://hiking.biji.co/index.php?q=trail&act=detail&id=371
372,松羅步道,https://cdntwrunning.biji.co/800_9e6d4b6b73d2566a8e116875e273b102021384f27162c8e2d19667e0203f3c02.jpg,2023-04-10,2023-04-12,宜蘭縣大同鄉,郊山步道,280~400公尺,低,https://cdntwrunning.biji.co/600_f6f40ee75e9ef24f1a6741de4e6ab8c4.jpg,22,1034,1534,https://hiking.biji.co/index.php?q=trail&act=detail&id=372
373,翠峰湖環山步道,https://cdntwrunning.biji.co/800_cb58716ac03bff6846ff9ae5fd928934a1b6a8fc0a351b6758fbb78afa559da1.jpg,2023-04-16,2023-04-23,宜蘭縣大同鄉,中級山步道,1840~2000公尺,低,https://cdntwrunning.biji.co/600_9bd26948e5ca6988ad55ff6f5d7b9ec7.jpg,22,1378,1878,https://hiking.biji.co/index.php?q=trail&act=detail&id=373
377,鐵杉林自然步道,https://cdntwrunning.biji.co/800_3f714d0490ee1d9d44d33504b4a0b2ea74e93c16689704fc18be8fc9cc6dac6e.jpg,2023-03-28,2023-04-01,宜蘭縣大同鄉,中級山步道,2000~2180公尺,低,https://cdntwrunning.biji.co/600_a04d373fbdf9781a74405c652b9c3e0d.jpg,19,1764,2264,https://hiking.biji.co/index.php?q=trail&act=detail&id=377
378,茂興懷舊步道,https://cdntwrunning.biji.co/800_4d7121eafb29e761d3548864c9c7559d90282dd19bbe03b7d1f615c6e39c9d91.jpg,2023-04-14,2023-04-18,宜蘭縣大同鄉,中級山步道,1900~1950公尺,低,https://cdntwrunning.biji.co/600_7447be538086681eab47526774e8a090.jpg,7,3338,3838,https://hiking.biji.co/index.php?q=trail&act=detail&id=378
380,台灣山毛櫸步道,https://cdntwrunning.biji.co/800_06011f084a8d606c1f18957a06683593ff0b130f14e68b69d27ca22ef6f8cb56.jpg,2023-04-06,2023-04-12,宜蘭縣大同鄉,中級山步道,1600~1800公尺,低,https://cdntwrunning.biji.co/600_40cfba816488508737e6efc79577b4aa.jpg,23,1476,1976,https://hiking.biji.co/index.php?q=trail&act=detail&id=380
381,林美石磐步道,https://cdntwrunning.biji.co/800_84c6b2f345167d172d74741d753d93951057d6786323d7c50dceead24f60f3b9.jpg,2023-04-13,2023-04-16,宜蘭縣礁溪鄉,郊山步道,200~300公尺,低,https://cdntwrunning.biji.co/600_fdf6dce13a55df063e1aa55f758faf04.jpg,16,2058,2558,https://hiking.biji.co/index.php?q=trail&act=detail&id=381
382,聖母登山步道（抹茶山）,https://cdntwrunning.biji.co/800_0fd5720de6a492a9f8a811d8e873cb6d79e1157774fd10a50e9943890ef8d25f.jpg,2023-04-14,2023-04-21,宜蘭縣礁溪鄉,郊山步道,180~950公尺,低-中,https://cdntwrunning.biji.co/600_3077ffa93e68173fd1f3c0c35e59f67e.jpg,23,1010,1510,https://hiking.biji.co/index.php?q=trail&act=detail&id=382
385,金門太武山步道,https://cdntwrunning.biji.co/800_30a6667c9e221fff4e8cabf737ef0ef966262b82403d83c98e387ac9e55f260b.jpg,2023-04-02,2023-04-08,"金門縣金沙鎮,金門縣金湖鎮",郊山步道,37~223公尺,低,https://cdntwrunning.biji.co/600_36d10057589fd711ac39602c50142285.jpg,22,1352,1852,https://hiking.biji.co/index.php?q=trail&act=detail&id=385
387,火炎山、南鞍古道O走,https://cdntwrunning.biji.co/800_378daeff5af2c9f53725808e90c14ef743c8b4f3f97fca750b00d98bc8dd66b3.jpg,2023-04-10,2023-04-12,苗栗縣三義鄉,郊山步道,223~602公尺,低-中,https://cdntwrunning.biji.co/600_a6009a99c2171a52bc7c5dbee7191906.jpg,23,3096,3596,https://hiking.biji.co/index.php?q=trail&act=detail&id=387
397,平溪中央尖登山步道,https://cdntwrunning.biji.co/800_8206306b53e12ef31944fdbef92f9072d2088f66d6cb4029b25cf0119211cca1.jpg,2023-03-30,2023-04-06,新北市平溪區,郊山步道,218~580公尺,低-中,https://cdntwrunning.biji.co/600_f28779c56346b0377c3194bc62abf4d1.jpg,11,2870,3370,https://hiking.biji.co/index.php?q=trail&act=detail&id=397
400,無耳茶壺山步道,https://cdntwrunning.biji.co/800_b5bd3b2c6afb705fd818191db0391e64916a84a56f1d2e0ad91ecc1997987160.jpg,2023-04-01,2023-04-03,新北市瑞芳區,郊山步道,276~580公尺,低,https://cdntwrunning.biji.co/600_2bbc132fe75d21dc0a3e50a36f0137db.jpg,16,2093,2593,https://hiking.biji.co/index.php?q=trail&act=detail&id=400
401,桃園虎頭山步道,https://cdntwrunning.biji.co/800_9bd7b79a4dec2b3214499cadd103b62f8bd04883a4123c6d544b8e0ee556f356.jpg,2023-04-18,2023-04-22,"桃園市桃園區,桃園市龜山區",郊山步道,108~251公尺,低,https://cdntwrunning.biji.co/600_ec5c2da8300ae78e60d63394ab4fb6c9.jpg,4,1825,2325,https://hiking.biji.co/index.php?q=trail&act=detail&id=401
407,石空古道,https://cdntwrunning.biji.co/800_06d87159fc614dc5f24d6b6995916fe2257b0ec95b43e58e9179ad5c712f61de.jpg,2023-04-12,2023-04-15,宜蘭縣頭城鎮,郊山步道,15~500公尺,低,https://cdntwrunning.biji.co/600_563dbf66c1321702b00d658ea07ef0cb.jpg,16,2407,2907,https://hiking.biji.co/index.php?q=trail&act=detail&id=407
413,合歡石門山步道,https://cdntwrunning.biji.co/800_69fc728b202acaf4f2a86e65ca835469.jpg,2023-04-01,2023-04-04,"南投縣仁愛鄉,花蓮縣秀林鄉",高山步道,3050~3237公尺,低,https://cdntwrunning.biji.co/600_effc61a199c2efea9a20ec9ec8365e2d.jpg,21,1000,1500,https://hiking.biji.co/index.php?q=trail&act=detail&id=413
415,出關古道：聖關段(關刀山步道),https://cdntwrunning.biji.co/800_cf70191cc96b7a2413da5359ccd0254e51dc0aa6ab8bd86d0a40e3beaa737f50.jpg,2023-04-10,2023-04-14,"苗栗縣大湖鄉,苗栗縣三義鄉",郊山步道,695~889公尺,低,https://cdntwrunning.biji.co/600_8f5228cb6bdc56a0c6920d1798f4d72f.jpg,15,3232,3732,https://hiking.biji.co/index.php?q=trail&act=detail&id=415
416,麒麟山森林步道,https://cdntwrunning.biji.co/800_e0e638450db2f3282603af8bde28c942aa0755b7f948674ca3278c8a422560a5.jpg,2023-04-06,2023-04-13,"彰化縣田中鎮,南投縣名間鄉",郊山步道,144~222公尺,低,https://cdntwrunning.biji.co/600_24fd6fddd46654c036db7ec7ae85835f.jpg,21,2192,2692,https://hiking.biji.co/index.php?q=trail&act=detail&id=416
418,大溝溪溪畔步道,https://cdntwrunning.biji.co/800_058595768207606c4e7f978173c40a3fc09402ac043a794d71b9885ca3d06c60.jpg,2023-03-30,2023-04-02,台北市內湖區,郊山步道,20~40公尺,低,https://cdntwrunning.biji.co/600_eeed8dd5b0f55f9c6e4c873003b1be3d.jpg,18,2184,2684,https://hiking.biji.co/index.php?q=trail&act=detail&id=418
442,菜公坑山步道,https://cdntwrunning.biji.co/800_bd934acde826747822db2bbc24d1095d.jpg,2023-04-05,2023-04-12,"臺北市北投區,新北市三芝區",郊山步道,800~887公尺,低,https://cdntwrunning.biji.co/600_84f0169154cf36dd5d4eb738b5557650.jpg,8,2143,2643,https://hiking.biji.co/index.php?q=trail&act=detail&id=442
446,拉拉山神木群步道,https://cdntwrunning.biji.co/800_4472dd5083fc7a70847c3c775430d4d3.jpg,2023-04-02,2023-04-07,"新北市烏來區,桃園市復興區",中級山步道,1550~1650公尺,低,https://cdntwrunning.biji.co/600_679b07e758a89c22736afad4b45748d7.jpg,12,1026,1526,https://hiking.biji.co/index.php?q=trail&act=detail&id=446
460,灣坑頭山步道,https://cdntwrunning.biji.co/800_705605c4defa9edde5cc15d4ba0216bfc0a58d1b7819eece7f212c09126564f0.jpg,2023-04-14,2023-04-20,"新北市貢寮區,宜蘭縣頭城鎮",郊山步道,336~616公尺,低,https://cdntwrunning.biji.co/600_8877407290f12ee9d86b4f5a5a5ff58f.jpg,15,2394,2894,https://hiking.biji.co/index.php?q=trail&act=detail&id=460
461,紗帽山步道,https://cdntwrunning.biji.co/800_10073b19ec6e31018878a3b129d461825f4952e2c8d6c87bce25998babe95bb8.jpg,2023-03-31,2023-04-02,臺北市北投區,郊山步道,330~643公尺,低,https://cdntwrunning.biji.co/600_d3a47559e8bf1f7a717e5acb855d4e0d.jpg,22,3370,3870,https://hiking.biji.co/index.php?q=trail&act=detail&id=461
463,姜子寮山步道,https://cdntwrunning.biji.co/800_9dfc27db18fcfb85fe79dd0bf517a1e42d1e8e3ecaeb762536379c6f74f3a285.jpg,2023-04-13,2023-04-17,"基隆市暖暖區,基隆市七堵區",郊山步道,443~729公尺,低,https://cdntwrunning.biji.co/600_892bda0f57e656ce72ef0b1e8d2ad31e.jpg,13,1999,2499,https://hiking.biji.co/index.php?q=trail&act=detail&id=463
473,鵝公髻山步道,https://cdntwrunning.biji.co/800_85acad579cdc8c486f0ffd0368b1d94c7dc1b4c44fd5be6eae3a86ef3e53e256.jpg,2023-04-01,2023-04-04,"新竹縣五峰鄉,苗栗縣南庄鄉",中級山步道,860~1579公尺,低-中,https://cdntwrunning.biji.co/600_dddfe066d177e89d0ae90bd34b49a9d2.jpg,24,2573,3073,https://hiking.biji.co/index.php?q=trail&act=detail&id=473
476,望洋山步道,https://cdntwrunning.biji.co/800_39a2632d0be2d666a3d3ca801c63b3ce9f013fbc65ee50e5e8bbec3a56f08141.jpg,2023-04-05,2023-04-09,宜蘭縣大同鄉,中級山步道,1880~2050公尺,低,https://cdntwrunning.biji.co/600_5df9b2f1fc4138a761322cf9f601633e.jpg,22,805,1305,https://hiking.biji.co/index.php?q=trail&act=detail&id=476
477,紅淡山步道,https://cdntwrunning.biji.co/800_2ae78e8eb60e727f329a4c460f20c06ebe8c2fcc028eb11b936ad363eea2004b.jpg,2023-03-30,2023-04-05,基隆市仁愛區,郊山步道,30~210公尺,低,https://cdntwrunning.biji.co/600_29a0a75f93ba86087211a4de33ddad0b.gif,10,1701,2201,https://hiking.biji.co/index.php?q=trail&act=detail&id=477
480,羊稠森林步道,https://cdntwrunning.biji.co/800_4397b556fe7a2c13039559a2c3d6dd17.jpg,2023-03-28,2023-04-03,桃園市蘆竹區,郊山步道,115~245公尺,低,https://cdntwrunning.biji.co/600_d9671fe4b3d8677b29fc507ae6c65003.jpg,20,2868,3368,https://hiking.biji.co/index.php?q=trail&act=detail&id=480
487,望古瀑布、嶺腳寮山登山步道,https://cdntwrunning.biji.co/800_e287e09638ae9750978203e5b0266c6d0d50015adbd291d6cb927325aac20050.jpg,2023-04-01,2023-04-04,新北市平溪區,郊山步道,190~293公尺,低,https://cdntwrunning.biji.co/600_d885f68c4b84c82cc2845108079f4abd.jpg,23,3366,3866,https://hiking.biji.co/index.php?q=trail&act=detail&id=487
489,溪頭天文台登山步道,https://cdntwrunning.biji.co/800_ee4602e7a0ebf32cb3784292d971aac87233d2a5cab5eff5bcce6fd72b7bb489.jpg,2023-04-02,2023-04-05,南投縣鹿谷鄉,郊山步道,1340~1780公尺,低,https://cdntwrunning.biji.co/600_b6bc2d1fb38e57a1be322c796d28b612.jpg,3,1528,2028,https://hiking.biji.co/index.php?q=trail&act=detail&id=489
490,溪頭大學池步道,https://cdntwrunning.biji.co/800_4f17aa990583097d38c028b4d247e2e7.jpg,2023-03-28,2023-04-03,南投縣鹿谷鄉,郊山步道,1075~1155公尺,低,https://cdntwrunning.biji.co/600_574f07632458c308c2f0fd795bc36946.jpg,22,1589,2089,https://hiking.biji.co/index.php?q=trail&act=detail&id=490
494,富陽自然生態步道,https://cdntwrunning.biji.co/800_8cfbee3e750b1a48762f204a2ba2ea9b7f0dac1849b2da5ec88a707c2f5fc5d2.jpg,2023-04-11,2023-04-16,台北市大安區,郊山步道,20~100公尺,低,https://cdntwrunning.biji.co/600_2a86b1bebd52425e7ca66dd22c76b73f.gif,22,1846,2346,https://hiking.biji.co/index.php?q=trail&act=detail&id=494
497,羅馬縱走 (羅葉尾山、馬武佐野郡山),https://cdntwrunning.biji.co/800_28468d1080709cbc5f513bc9937fffdca159e64fa245465354d2fb9cd9592d6f.jpg,2023-04-06,2023-04-13,"台中市和平區,宜蘭縣大同鄉",中級山步道,1810~2717公尺,中,https://cdntwrunning.biji.co/600_51647681e3d1d125ba071f7757ccc498.png,8,988,1488,https://hiking.biji.co/index.php?q=trail&act=detail&id=497
506,大坑6、7號步道,https://cdntwrunning.biji.co/800_b8ffe8a7075718495cb7d8b52ba04192df08dca326af563892ef1497b32cf51d.jpg,2023-04-13,2023-04-17,"臺中市北屯區,臺中市潭子區",郊山步道,227~373公尺,低,https://cdntwrunning.biji.co/600_b8f2273e34fa5efa93bc9c9e1cadf4c0.jpg,16,2301,2801,https://hiking.biji.co/index.php?q=trail&act=detail&id=506
516,通霄虎頭山步道,https://cdntwrunning.biji.co/800_bd0e413e209566b8a391ce17ab2c7069289b67b9dc0815cb832325e54273a2eb.jpg,2023-04-15,2023-04-22,苗栗縣通霄鎮,郊山步道,30~93公尺,低,https://cdntwrunning.biji.co/600_8943502ad5b30692d2b1aa9a009a62fa.jpg,7,1516,2016,https://hiking.biji.co/index.php?q=trail&act=detail&id=516
519,百吉林蔭步道,https://cdntwrunning.biji.co/800_1bf7f1d1b779d16f11d9b8bb25593dee35aa76cb2879b7ab23369c1be136d31f.jpg,2023-04-15,2023-04-17,桃園市大溪區,郊山步道,154~363公尺,低,https://cdntwrunning.biji.co/600_8bae4a8a4fc8292de996ec804728ac94.jpg,4,1595,2095,https://hiking.biji.co/index.php?q=trail&act=detail&id=519
520,冷擎步道,https://cdntwrunning.biji.co/800_5229950516e212de196433648b676342243cbe174c0c70c7827c843bbd88b8d7.jpg,2023-04-15,2023-04-22,臺北市北投區,郊山步道,740~765公尺,低,https://cdntwrunning.biji.co/600_a82c2763007e70f30805dfbdf364cb4f.jpg,7,1960,2460,https://hiking.biji.co/index.php?q=trail&act=detail&id=520
526,新竹青青草原步道,https://cdntwrunning.biji.co/800_ee187b38862b00f3a106b4e674d9d2f5a02440dc7ce111b2f23b675bf588b5d5.jpg,2023-04-15,2023-04-21,新竹市香山區,郊山步道,47~97公尺,低,https://cdntwrunning.biji.co/600_7b2ac038f5bc5ca6d216fd728e49fb85.jpg,16,2928,3428,https://hiking.biji.co/index.php?q=trail&act=detail&id=526
533,大古山休閒步道,https://cdntwrunning.biji.co/800_fae3db3aeef22d5f40be5f19ee9596af5c08f997c80560225b2d11f9d7413c53.jpg,2023-04-09,2023-04-15,桃園市蘆竹區,郊山步道,128~151公尺,低,https://cdntwrunning.biji.co/600_217dc0d274da0881dcc0af2e2edd9f60.jpg,23,1725,2225,https://hiking.biji.co/index.php?q=trail&act=detail&id=533
534,五酒桶山、山鼻山步道,https://cdntwrunning.biji.co/800_1169c1e249ffa967b612ffe7dbb34e1c6fb6a37c50c6802cf7a5ddd057d4ea78.jpg,2023-04-13,2023-04-15,桃園市蘆竹區,郊山步道,102~182公尺,低,https://cdntwrunning.biji.co/600_29bf02d4ad5f7419af4a88cd39f0b1d3.jpg,5,1171,1671,https://hiking.biji.co/index.php?q=trail&act=detail&id=534
537,鳳崎落日步道,https://cdntwrunning.biji.co/800_1acacdef50255020c0ea08b67180a307436aeca226330ff38aec21dd558c5391.jpg,2023-04-03,2023-04-08,"新竹縣新豐鄉,新竹縣竹北市",郊山步道,63~131公尺,低,https://cdntwrunning.biji.co/600_bea07ddd7d514ab686aa8585bfb03e77.jpg,12,3406,3906,https://hiking.biji.co/index.php?q=trail&act=detail&id=537
545,猴崁水圳步道,https://cdntwrunning.biji.co/800_17c40ca89416311ca5c63058f3d51ac46789029c91d1abdf8d58013a015019c5.jpg,2023-03-31,2023-04-02,台北市北投區,郊山步道,528~598公尺,低,https://cdntwrunning.biji.co/600_1a3d6fc87bb63b0f95812c64b647cccd.jpg,20,2160,2660,https://hiking.biji.co/index.php?q=trail&act=detail&id=545
550,猴洞坑溪步道,https://cdntwrunning.biji.co/800_1665d652bd4514423d85bcfc584b07cbdc8407b685afe7ae19f800cea2c3b958.jpg,2023-03-28,2023-04-02,宜蘭縣礁溪鄉,郊山步道,38~118公尺,低,https://cdntwrunning.biji.co/600_c22f335ee73922da1840cc4e4ba5815b.jpg,3,2487,2987,https://hiking.biji.co/index.php?q=trail&act=detail&id=550
552,象鼻岩步道,https://cdntwrunning.biji.co/800_6bde96c423cbc01c7ac61bc21a871c082a87c713941014425594a181489eaad3.jpg,2023-04-16,2023-04-19,新北市瑞芳區,郊山步道,0~35公尺,低,https://cdntwrunning.biji.co/600_24b18684d581b2a6591432592d3b1fc5.jpg,5,2949,3449,https://hiking.biji.co/index.php?q=trail&act=detail&id=552
554,仁和步道、金獅古道,https://cdntwrunning.biji.co/800_c5c4e157fc5b9a222b54715cac352e4d4ed1c8a026bfb42c58dbcd423d59a57d.jpg,2023-03-29,2023-03-31,新竹縣湖口鄉,郊山步道,151~251公尺,低,https://cdntwrunning.biji.co/600_3384a1d214eb2244881df153a8f428fe.jpg,4,509,1009,https://hiking.biji.co/index.php?q=trail&act=detail&id=554
559,四獸山連走步道,https://cdntwrunning.biji.co/800_4502f4409bc8f08e0d5d8808f3c156dd.jpg,2023-04-18,2023-04-24,台北市信義區,郊山步道,10~183公尺,低,https://cdntwrunning.biji.co/600_23f425825f757af16444efff5ae2b081.jpg,17,1264,1764,https://hiking.biji.co/index.php?q=trail&act=detail&id=559
561,野柳地質公園、野柳岬山步道,https://cdntwrunning.biji.co/800_e19e585573e424a5e1723687f6f9d057.jpg,2023-04-09,2023-04-12,新北市萬里區,郊山步道,0~97公尺,低,https://cdntwrunning.biji.co/600_771353cf93eb0edc37f1c4c57a58388a.jpg,6,1293,1793,https://hiking.biji.co/index.php?q=trail&act=detail&id=561
562,大坑4號步道,https://cdntwrunning.biji.co/800_ee0d32ed4c69e994258a20c2543401fa.jpg,2023-04-01,2023-04-08,臺中市北屯區,郊山步道,470~850公尺,低-中,https://cdntwrunning.biji.co/600_6c536ba7073258da214eafd1be07d240.jpg,16,1779,2279,https://hiking.biji.co/index.php?q=trail&act=detail&id=562
564,龍洞灣岬步道,https://cdntwrunning.biji.co/800_f74348bc1b24b72bc9f4ea73078ee95a.jpg,2023-04-01,2023-04-05,新北市貢寮區,郊山步道,10~85公尺,低,https://cdntwrunning.biji.co/600_5b6e5bda42b2c88c7c364a339be0f65a.jpg,5,540,1040,https://hiking.biji.co/index.php?q=trail&act=detail&id=564
566,深澳山步道,https://cdntwrunning.biji.co/800_ed1ed97e3d4fc4ad061e59a2cb444621.jpg,2023-04-14,2023-04-21,"基隆市,新北市瑞芳區",郊山步道,7~171公尺,低,https://cdntwrunning.biji.co/600_e62b355402b9abfa28f88ee65866770a.jpg,11,2920,3420,https://hiking.biji.co/index.php?q=trail&act=detail&id=566
569,劍潭古道,https://cdntwrunning.biji.co/800_700eee358dd00480b3e49d83867b3689.jpg,2023-04-10,2023-04-14,苗栗縣造橋鄉,郊山步道,33~133公尺,低,https://cdntwrunning.biji.co/600_c2f1b88d0be456e28f2465eb6b48d22b.jpg,7,1998,2498,https://hiking.biji.co/index.php?q=trail&act=detail&id=569
573,後尖山步道,https://cdntwrunning.biji.co/800_08df78c876cd2a938a34195670a3977f.jpg,2023-03-31,2023-04-05,南投縣魚池鄉,郊山步道,680~1008公尺,低,https://cdntwrunning.biji.co/600_c4d49d283c1b36b6a5f2d39706b4bda1.jpg,4,2931,3431,https://hiking.biji.co/index.php?q=trail&act=detail&id=573
575,出關古道：出雲段(出磺坑至法雲寺),https://cdntwrunning.biji.co/800_691f6a99426c5e66df92a9b93bdbb6a2.jpg,2023-04-17,2023-04-24,"苗栗縣大湖鄉,苗栗縣公館鄉",郊山步道,225~473公尺,低,https://cdntwrunning.biji.co/600_2a74c0b91ddca77b8a3ec418d1d886df.jpg,24,3252,3752,https://hiking.biji.co/index.php?q=trail&act=detail&id=575
577,藤坪步道,https://cdntwrunning.biji.co/800_199967262f4a21eb50a2569994ebc3b8.jpg,2023-04-04,2023-04-08,新竹縣峨眉鄉,郊山步道,165~296公尺,低,https://cdntwrunning.biji.co/600_fea848924cf35e83912a9307c2e65dec.jpg,3,3500,4000,https://hiking.biji.co/index.php?q=trail&act=detail&id=577
578,四月雪小徑,https://cdntwrunning.biji.co/800_b055b1426dc1bbb24ecd79b5074adb6b.jpg,2023-04-18,2023-04-24,苗栗縣三義鄉,郊山步道,374~515公尺,低,https://cdntwrunning.biji.co/600_753e9e52e254b74f429e992030f338a7.jpg,20,3275,3775,https://hiking.biji.co/index.php?q=trail&act=detail&id=578
593,飛鳳山、觀日坪古道,https://cdntwrunning.biji.co/800_858461478c8d2589dcf620eebc058489.jpg,2023-04-06,2023-04-12,新竹縣芎林鄉,郊山步道,197~462公尺,低,https://cdntwrunning.biji.co/600_be2933eb280eceffafd372fc8d67d688.jpg,8,909,1409,https://hiking.biji.co/index.php?q=trail&act=detail&id=593
598,溪洲山步道(福山巖登山步道),https://cdntwrunning.biji.co/800_29d639d13f31f7fc8a30a7c24922b554.jpg,2023-04-12,2023-04-14,桃園市大溪區,郊山步道,145~577公尺,低-中,https://cdntwrunning.biji.co/600_3fdf69e7048b983a4f683440f24eee40.jpg,16,3252,3752,https://hiking.biji.co/index.php?q=trail&act=detail&id=598
599,暖東峽谷步道,https://cdntwrunning.biji.co/800_bf29b7df7a996a2d53ece8639d6c4c35.jpg,2023-04-01,2023-04-07,基隆市暖暖區,郊山步道,150~280公尺,低,https://cdntwrunning.biji.co/600_e91c4894998bc10614f25ba05667d936.jpg,5,1936,2436,https://hiking.biji.co/index.php?q=trail&act=detail&id=599
600,雷霆峰步道(基隆山東峰、黃金一稜),https://cdntwrunning.biji.co/800_885e83d4f40e3844b5001c2cd90dd6c8.jpg,2023-03-29,2023-03-31,新北市瑞芳區,郊山步道,321~588公尺,中,https://cdntwrunning.biji.co/600_450717ac0b9e8b773e3e180ebc15db6b.jpg,22,1771,2271,https://hiking.biji.co/index.php?q=trail&act=detail&id=600
601,大羅蘭溪古圳步道(福山馬岸),https://cdntwrunning.biji.co/800_2ad198833e6007b18e17425088456acf.jpg,2023-04-05,2023-04-12,新北市烏來區,郊山步道,395~452公尺,低,https://cdntwrunning.biji.co/600_395fe0cef5018f96cac054f616498727.jpg,7,2610,3110,https://hiking.biji.co/index.php?q=trail&act=detail&id=601
604,侯硐小粗坑古道,https://cdntwrunning.biji.co/800_8193fc7e82bfa8f625c9933c4953ac6f.jpg,2023-04-05,2023-04-11,新北市瑞芳區,郊山步道,290~485公尺,低,https://cdntwrunning.biji.co/600_17aa1bc8c2d0e7ef07633da8d8b547f1.jpg,7,723,1223,https://hiking.biji.co/index.php?q=trail&act=detail&id=604
605,小觀音山群峰步道,https://cdntwrunning.biji.co/800_265794ed8ebc09a4bbdf64083e280dea.jpg,2023-03-31,2023-04-06,"臺北市北投區,新北市三芝區",郊山步道,795~1070公尺,中,https://cdntwrunning.biji.co/600_29cc3bceb3ff88dc98328e711a4f0281.jpg,17,3399,3899,https://hiking.biji.co/index.php?q=trail&act=detail&id=605
606,大艽芎古道,https://cdntwrunning.biji.co/800_ec66b6167cb0055c2effc68dd0311d1f.jpg,2023-04-13,2023-04-18,桃園市大溪區,郊山步道,245~399公尺,低,https://cdntwrunning.biji.co/600_7bb3654b33a74be1bc18b3e627a83844.jpg,21,1389,1889,https://hiking.biji.co/index.php?q=trail&act=detail&id=606
613,獅球嶺砲台步道,https://cdntwrunning.biji.co/800_d2477c78e0a9db9517c82bce135b2355.jpg,2023-04-16,2023-04-21,基隆市仁愛區,郊山步道,80~155公尺,低,https://cdntwrunning.biji.co/600_23a3f4059d4689ae2fd4a88ce1e19da4.gif,19,2915,3415,https://hiking.biji.co/index.php?q=trail&act=detail&id=613
619,枕頭山古砲台歷史古道,https://cdntwrunning.biji.co/800_565a85d6a7dcf82e0719dee19f4ba488.jpg,2023-04-13,2023-04-17,桃園市復興區,郊山步道,436~631公尺,低,https://cdntwrunning.biji.co/600_2fe2285cf662857a39ce028fbd081344.jpg,4,1916,2416,https://hiking.biji.co/index.php?q=trail&act=detail&id=619
625,馬博拉斯橫斷(馬博橫斷),https://cdntwrunning.biji.co/800_7d75224f6525702d1f333fd2db1a0031.jpg,2023-04-17,2023-04-20,"南投縣信義鄉,花蓮縣卓溪鄉",高山步道,1100~3805公尺,高,https://cdntwrunning.biji.co/600_1bc012141141ae25787f56a59c21ffcb.jpg,14,1110,1610,https://hiking.biji.co/index.php?q=trail&act=detail&id=625
631,新康橫斷出瓦拉米,https://cdntwrunning.biji.co/800_d2be6f30bc2221df70be04c50670e957.jpg,2023-04-09,2023-04-15,"花蓮縣卓溪鄉,台東縣海端鄉",高山步道,461~3386公尺,高,https://cdntwrunning.biji.co/600_33df99656cfccd208d52e37a0a1c90a4.jpg,23,3062,3562,https://hiking.biji.co/index.php?q=trail&act=detail&id=631
632,南二段,https://cdntwrunning.biji.co/800_9548e1bf33665b778bff8f435846c5d7.jpg,2023-04-08,2023-04-14,"南投縣信義鄉,高雄市桃源區,花蓮縣卓溪鄉,臺東縣海端鄉",高山步道,1100~3642公尺,高,https://cdntwrunning.biji.co/600_89698eaf63f8a1c23cad07c96b83db79.jpg,22,3052,3552,https://hiking.biji.co/index.php?q=trail&act=detail&id=632
656,屏風山登山山徑,https://cdntwrunning.biji.co/800_dafd837d47c2f6867dac53034cbcf34c.jpg,2023-04-13,2023-04-20,花蓮縣秀林鄉,高山步道,1950~3250公尺,中-高,https://cdntwrunning.biji.co/600_6f7c2ec522c3f30a1e09518eae8dc53a.jpg,12,3417,3917,https://hiking.biji.co/index.php?q=trail&act=detail&id=656
658,犁頭山、文山步道,https://cdntwrunning.biji.co/800_1b2f550e05abb3ad223a423e145836c7.jpg,2023-04-17,2023-04-19,"新竹縣竹北市,新竹縣新埔鎮",郊山步道,46~157公尺,低,https://cdntwrunning.biji.co/600_af6a387ae14d6c05d462332edeac0945.jpg,5,664,1164,https://hiking.biji.co/index.php?q=trail&act=detail&id=658
659,自來水園區、小觀音山生態登山步道,https://cdntwrunning.biji.co/800_c35f0b305101394ab4b0a7d412ada8be.jpg,2023-04-18,2023-04-21,台北市中正區,郊山步道,12~47公尺,低,https://cdntwrunning.biji.co/600_586c5742c3179e0fc68ae53b3d0757ba.jpg,13,3151,3651,https://hiking.biji.co/index.php?q=trail&act=detail&id=659
660,面天山-向天山步道,https://cdntwrunning.biji.co/800_824d9f41f94192dc8990206e6a131e0d.jpg,2023-03-28,2023-04-02,"臺北市北投區,新北市淡水區",郊山步道,402~979公尺,低-中,https://cdntwrunning.biji.co/600_6599496ebc1c1f4384cc09917f0a303a.jpg,5,3004,3504,https://hiking.biji.co/index.php?q=trail&act=detail&id=660
662,劍龍稜步道(黃金五稜),https://cdntwrunning.biji.co/800_10585dcac2d4482a7e54789b3c577afc.jpg,2023-03-30,2023-04-02,新北市瑞芳區,郊山步道,6~599公尺,中,https://cdntwrunning.biji.co/600_57c5ec201ce53932305405cdd13df1c0.jpg,25,3140,3640,https://hiking.biji.co/index.php?q=trail&act=detail&id=662
663,銅鏡山林步道,https://cdntwrunning.biji.co/800_e8679fbf5ea2f223647912edc1ccfd12.jpg,2023-04-01,2023-04-03,苗栗縣三灣鄉,郊山步道,92~127公尺,低,https://cdntwrunning.biji.co/600_6476b414f4941ae67539a9bd934bb85e.jpg,8,911,1411,https://hiking.biji.co/index.php?q=trail&act=detail&id=663
664,大屯主峰-連峰步道,https://cdntwrunning.biji.co/800_8b6387a22cf23a26e0dfe52483fd553d.jpg,2023-04-02,2023-04-05,"臺北市北投區,新北市淡水區",郊山步道,452~1092公尺,低-中,https://cdntwrunning.biji.co/600_48acb7ddc843707ec65b5244e447159b.jpg,11,2601,3101,https://hiking.biji.co/index.php?q=trail&act=detail&id=664
668,溪山百年古圳步道,https://cdntwrunning.biji.co/800_e030389d2b5aae999512bb80e6a97791.jpg,2023-04-02,2023-04-09,台北市士林區,郊山步道,230~300公尺,低,https://cdntwrunning.biji.co/600_0b0e6ab6ff37d5815d29fb1e5eb71f5c.jpg,21,2290,2790,https://hiking.biji.co/index.php?q=trail&act=detail&id=668
669,耳空龜山登山步道、磐石古道,https://cdntwrunning.biji.co/800_6181be3034377199feeeb7647ea895c7.jpg,2023-03-30,2023-04-02,"新北市石碇區,新北市汐止區,新北市平溪區",郊山步道,520~588公尺,低-中,https://cdntwrunning.biji.co/600_3668468cfe28e0612cc9e6118ee16724.jpg,21,2085,2585,https://hiking.biji.co/index.php?q=trail&act=detail&id=669
679,大禮大同步道,https://cdntwrunning.biji.co/800_fdefd9e03c912b25b07c8c270a37ef38.jpg,2023-04-11,2023-04-14,花蓮縣秀林鄉,郊山步道,120~900公尺,中,https://cdntwrunning.biji.co/600_97fa323936dbfcb5d8076ceb16b8d2ba.jpg,16,875,1375,https://hiking.biji.co/index.php?q=trail&act=detail&id=679
680,熱海岩場步道,https://cdntwrunning.biji.co/800_e36255d0902e93282287c9f16a63baf3.jpg,2023-04-14,2023-04-18,台北市北投區,郊山步道,125~171公尺,低,https://cdntwrunning.biji.co/600_eef4b2163a93bbc85d690385b106f134.jpg,15,1139,1639,https://hiking.biji.co/index.php?q=trail&act=detail&id=680
681,關子嶺枕頭山步道,https://cdntwrunning.biji.co/800_8028fb6c19b89048655a4ecd0134ceec.jpg,2023-04-15,2023-04-18,台南市白河區,郊山步道,370~650公尺,低,https://cdntwrunning.biji.co/600_e1d75b14593f5342229e0298257be2c2.jpg,11,2233,2733,https://hiking.biji.co/index.php?q=trail&act=detail&id=681
684,大屯瀑布、青春嶺步道,https://cdntwrunning.biji.co/800_07fd7246360cca70d86f07d6c582a515.jpg,2023-04-02,2023-04-08,台北市北投區,郊山步道,490~550公尺,低,https://cdntwrunning.biji.co/600_847ae2164bb3a070d1b4e1d39a38a4dc.jpg,21,2156,2656,https://hiking.biji.co/index.php?q=trail&act=detail&id=684
685,虎豹潭古道,https://cdntwrunning.biji.co/800_892670dab0211cb7b01ab0203f4f2d01.jpg,2023-03-29,2023-04-05,新北市雙溪區,郊山步道,380~450公尺,低,https://cdntwrunning.biji.co/600_243802072f039ed8f55f975b58282735.jpg,21,2731,3231,https://hiking.biji.co/index.php?q=trail&act=detail&id=685
686,小烏來天空步道,https://cdntwrunning.biji.co/800_a39ee9e5263a1409e37e1d6d329b7d63.jpg,2023-04-12,2023-04-17,桃園市復興區,郊山步道,300~400公尺,低,https://cdntwrunning.biji.co/600_1fbfb91bdc891702720e12c7f5826b1c.jpg,21,2693,3193,https://hiking.biji.co/index.php?q=trail&act=detail&id=686
688,鵲子山步道,https://cdntwrunning.biji.co/800_a5bfe62208d5857a6f68516d9bf772d8.jpg,2023-04-15,2023-04-17,宜蘭縣礁溪鄉,郊山步道,440~679公尺,低,https://cdntwrunning.biji.co/600_8cb428ac683d94468ad719064176e30b.jpg,10,2807,3307,https://hiking.biji.co/index.php?q=trail&act=detail&id=688
693,大肚萬里長城步道,https://cdntwrunning.biji.co/800_0358673ad0f680a5ea0b0dd254e49051.jpg,2023-04-02,2023-04-04,台中市大肚區,郊山步道,70~270公尺,低,https://cdntwrunning.biji.co/600_5ea6220370b4630f5038d7f8aff2297f.jpeg,14,2759,3259,https://hiking.biji.co/index.php?q=trail&act=detail&id=693
697,比大鳥縱走(鳥嘴山、大窩山、比林山),https://cdntwrunning.biji.co/800_6d6ac0f7d58aa7ac9b9f591065120d21.jpg,2023-04-15,2023-04-22,"新竹縣五峰鄉,苗栗縣南庄鄉",中級山步道,1280~1812公尺,中,https://cdntwrunning.biji.co/600_808e4f1fb1208a547cc4ea0f3603c68b.jpg,11,1714,2214,https://hiking.biji.co/index.php?q=trail&act=detail&id=697
698,雞南山自然步道、文間山,https://cdntwrunning.biji.co/800_94c3db17e6f8f7e274ab3e02891a93b3.jpg,2023-04-18,2023-04-23,台北市中山區,郊山步道,30~184公尺,低,https://cdntwrunning.biji.co/600_4e748baa3c49a3eff90e1ee43bd01b13.jpg,25,3375,3875,https://hiking.biji.co/index.php?q=trail&act=detail&id=698
703,毋忘在莒步道,https://cdntwrunning.biji.co/800_93335839f3301a75a949a02bc14d5b02.jpg,2023-04-02,2023-04-05,台北市士林區,郊山步道,20~153公尺,低,https://cdntwrunning.biji.co/600_18e2ccbe79c2e56c2f10ac44aabd9bbc.jpg,25,3378,3878,https://hiking.biji.co/index.php?q=trail&act=detail&id=703
704,內雙溪自然中心步道(台北小溪頭),https://cdntwrunning.biji.co/800_bf4c0bf9b086e5e2106151e559d149d3.jpg,2023-04-13,2023-04-17,台北市士林區,郊山步道,230~280公尺,低,https://cdntwrunning.biji.co/600_e04aee494e1f345c87ebcdeeffc391cb.jpg,13,802,1302,https://hiking.biji.co/index.php?q=trail&act=detail&id=704
706,天溪園生態教育中心步道,https://cdntwrunning.biji.co/800_9e5497417556368fa232935303c35a64.jpg,2023-03-29,2023-04-05,台北市士林區,郊山步道,340~439公尺,低,https://cdntwrunning.biji.co/600_587d1d654fa526093c41cd0248d34e37.jpg,23,2936,3436,https://hiking.biji.co/index.php?q=trail&act=detail&id=706
707,姜草越嶺古道(姜子寮、草濫越嶺、泰安瀑布),https://cdntwrunning.biji.co/800_d670e3447a0ca9638dcf760ed98f4274.jpg,2023-04-03,2023-04-07,"基隆市七堵區,新北市汐止區",郊山步道,170~300公尺,低,https://cdntwrunning.biji.co/600_fdb1fbdcb55647bafaeb77ac0af0635d.jpg,12,686,1186,https://hiking.biji.co/index.php?q=trail&act=detail&id=707
713,碇內尖景觀砲台步道,https://cdntwrunning.biji.co/800_d546c15bc52e2b461248d8737722d28a.jpg,2023-04-11,2023-04-17,"基隆市暖暖區,新北市瑞芳區",郊山步道,290~360公尺,低,https://cdntwrunning.biji.co/600_03a84573d117d44f275d0f83d1989641.jpg,21,1254,1754,https://hiking.biji.co/index.php?q=trail&act=detail&id=713
715,杉林溪松瀧岩瀑布、天地眼步道,https://cdntwrunning.biji.co/800_32e6ad701c45fe48a743e9ae994e68c2.jpg,2023-04-01,2023-04-03,南投縣竹山鎮,中級山步道,1740~1820公尺,低,https://cdntwrunning.biji.co/600_2a3b6dd83bfda250d75095f76f01d41a.jpg,17,2626,3126,https://hiking.biji.co/index.php?q=trail&act=detail&id=715
716,二坪頂古道,https://cdntwrunning.biji.co/800_7ca66a672bd4374a13ca7a1cf12a882d.jpg,2023-04-02,2023-04-08,"新北市三芝區,新北市石門區",郊山步道,550~785公尺,低,https://cdntwrunning.biji.co/600_ac8c53d761940601b2b58f49f7fa564e.jpg,16,2064,2564,https://hiking.biji.co/index.php?q=trail&act=detail&id=716
722,崇德步道、清水斷崖,https://cdntwrunning.biji.co/800_73545425fb8288ef0dd0e5eb39218fea.jpg,2023-03-28,2023-03-31,花蓮縣秀林鄉,郊山步道,78~109公尺,低,https://cdntwrunning.biji.co/600_6717c0ef67cf1ea126fb8e554f779b68.jpg,10,1932,2432,https://hiking.biji.co/index.php?q=trail&act=detail&id=722
728,內鳥嘴山、北得拉曼步道,https://cdntwrunning.biji.co/800_cde50637eb9b1ea24055dae068222f7e.jpg,2023-04-18,2023-04-25,"桃園市復興區,新竹縣尖石鄉",中級山步道,1045~1749公尺,中,https://cdntwrunning.biji.co/600_45e647602dff0cc3f80ec73bb5aec98f.jpg,20,2107,2607,https://hiking.biji.co/index.php?q=trail&act=detail&id=728
733,鹿角坑步道、楓林瀑布,https://cdntwrunning.biji.co/800_9007282f6c7764e2fc93c38ee7fa94ef.jpg,2023-04-07,2023-04-11,台北市北投區,郊山步道,330~640公尺,低-中,https://cdntwrunning.biji.co/600_429c4e1d66ed5ad187b024ad558f61e6.jpg,13,1958,2458,https://hiking.biji.co/index.php?q=trail&act=detail&id=733
734,豹子廚古道,https://cdntwrunning.biji.co/800_d63df4467b76d67b347a9e5712525e6b.jpg,2023-04-05,2023-04-08,"新北市雙溪區,新北市坪林區",郊山步道,424~586公尺,低,https://cdntwrunning.biji.co/600_2b5d62e7388ec93985623ab10a6cbf45.jpg,16,1114,1614,https://hiking.biji.co/index.php?q=trail&act=detail&id=734
735,闊瀨古道,https://cdntwrunning.biji.co/800_335fcdaf5db252ca6fc2f4e3914f42e9.jpg,2023-04-11,2023-04-14,新北市坪林區,郊山步道,293~427公尺,低,https://cdntwrunning.biji.co/600_3cc4bff2c17ac97856fcfbbc59807215.jpg,6,2110,2610,https://hiking.biji.co/index.php?q=trail&act=detail&id=735
738,南庄向天湖山步道,https://cdntwrunning.biji.co/800_796e4acbbc3d61a9e8486252af0785ec.jpg,2023-03-31,2023-04-06,苗栗縣南庄鄉,郊山步道,790~1220公尺,低-中,https://cdntwrunning.biji.co/600_36c7db3624af21b4240ab13b0ad4b32f.jpg,20,1646,2146,https://hiking.biji.co/index.php?q=trail&act=detail&id=738
747,隆隆古道(福卯古道),https://cdntwrunning.biji.co/800_6125074d879e08486e6d4d855c03bd1b.jpg,2023-03-30,2023-04-02,新北市貢寮區,郊山步道,30~290公尺,低,https://cdntwrunning.biji.co/600_312227b3a4eb92ccb17adad8c425c3fe.jpg,22,1889,2389,https://hiking.biji.co/index.php?q=trail&act=detail&id=747
750,水雲瀑布、水雲步道,https://cdntwrunning.biji.co/800_b258e7316c17c6c2ec8214e697a399f7.jpg,2023-04-14,2023-04-18,苗栗縣泰安鄉,郊山步道,580~750公尺,中,https://cdntwrunning.biji.co/600_bcb236aaaf5c3bb56fceed335e3d4031.jpg,14,2504,3004,https://hiking.biji.co/index.php?q=trail&act=detail&id=750
759,十分瀑布步道,https://cdntwrunning.biji.co/800_15159354c2e535c6de03307ac7708e02.jpg,2023-04-17,2023-04-19,新北市平溪區,郊山步道,170~190公尺,低,https://cdntwrunning.biji.co/600_6fa36f9aaeec15c62b3c475e3f85a329.jpg,17,3060,3560,https://hiking.biji.co/index.php?q=trail&act=detail&id=759
764,中寮龍鳳瀑布步道,https://cdntwrunning.biji.co/800_22a8839140ca449af149d3095a87dec1.jpg,2023-04-10,2023-04-16,南投縣中寮鄉,郊山步道,480~620公尺,低,https://cdntwrunning.biji.co/600_6cd675c8da9a8e0f5f5dd09c57bb2b75.jpg,20,1084,1584,https://hiking.biji.co/index.php?q=trail&act=detail&id=764
765,陽峰古道,https://cdntwrunning.biji.co/800_a8f5312f2fe172817d5e4f75ab83c561.jpg,2023-04-17,2023-04-22,台北市北投區,郊山步道,273~400公尺,低,https://cdntwrunning.biji.co/600_f29bd9ab09406837f6447d98dc94c657.jpg,19,2173,2673,https://hiking.biji.co/index.php?q=trail&act=detail&id=765
766,福山植物園,https://cdntwrunning.biji.co/800_4d08d40a8785df4feab5a511bd0892bb.jpg,2023-04-08,2023-04-14,"宜蘭縣員山鄉,新北市烏來區",郊山步道,645~675公尺,低,https://cdntwrunning.biji.co/600_7b74019a5cc76726e3f80f867de715d9.jpg,4,2831,3331,https://hiking.biji.co/index.php?q=trail&act=detail&id=766
770,馬武督步道群、外鳥嘴山,https://cdntwrunning.biji.co/800_ae7d5899608d95e4b4dc1632fb530be1.jpg,2023-04-02,2023-04-06,新竹縣關西鎮,郊山步道,730~1350公尺,低-中,https://cdntwrunning.biji.co/600_662d25ba7db07a0733d9dc07760e40bc.jpg,22,2403,2903,https://hiking.biji.co/index.php?q=trail&act=detail&id=770
777,小雪山天池步道,https://cdntwrunning.biji.co/800_7294e970f495913f35e852edd36f5066.jpg,2023-03-28,2023-04-03,台中市和平區,中級山步道,2569~2612公尺,低,https://cdntwrunning.biji.co/600_13789a9d3b7e569941ca17485d043c62.jpg,24,2659,3159,https://hiking.biji.co/index.php?q=trail&act=detail&id=777
778,大坑1號步道,https://cdntwrunning.biji.co/800_af20a92e180fa1ed879ac9e0fd6b3e52.jpg,2023-03-29,2023-04-03,臺中市北屯區,郊山步道,433~705公尺,低,https://cdntwrunning.biji.co/600_4c66f4283f7d4b9fe962e5f8e27f0e0e.jpg,25,1465,1965,https://hiking.biji.co/index.php?q=trail&act=detail&id=778
779,大坑2號步道,https://cdntwrunning.biji.co/800_cd568a2e540e5f6b5a964d1b603b2018.jpg,2023-04-17,2023-04-24,臺中市北屯區,郊山步道,478~695公尺,低-中,https://cdntwrunning.biji.co/600_8c2cd48812871a70d3bcbf9390d3d650.jpg,24,1163,1663,https://hiking.biji.co/index.php?q=trail&act=detail&id=779
783,桃園金面山步道,https://cdntwrunning.biji.co/800_4f2d5b8dd219b37eed24e3afe3812f92.jpg,2023-04-12,2023-04-19,桃園市大溪區,郊山步道,265~667公尺,低-中,https://cdntwrunning.biji.co/600_99d1200410880f22879759d13bb3993b.jpg,13,1097,1597,https://hiking.biji.co/index.php?q=trail&act=detail&id=783
787,三星山登山步道,https://cdntwrunning.biji.co/800_8ed4418b114522d9472df4062e85109f.jpg,2023-04-15,2023-04-20,"宜蘭縣大同鄉,宜蘭縣南澳鄉",中級山步道,2002~2352公尺,低-中,https://cdntwrunning.biji.co/600_f270160f15a3ecb0aa994d4638e83638.jpg,24,1685,2185,https://hiking.biji.co/index.php?q=trail&act=detail&id=787
788,三角崙山登山步道,https://cdntwrunning.biji.co/800_2f6cb9b8fbe0774ed2544bea8b0adb96.jpg,2023-04-07,2023-04-12,"新北市坪林區,宜蘭縣礁溪鄉",郊山步道,90~1029公尺,中,https://cdntwrunning.biji.co/600_7a59e12ff92b71b80024f73ba21b8484.jpg,25,2067,2567,https://hiking.biji.co/index.php?q=trail&act=detail&id=788
793,獅山古道,https://cdntwrunning.biji.co/800_e62d6bbef32bfa435ef54bbff703cd9d.jpg,2023-03-29,2023-04-04,"新竹縣峨眉鄉,苗栗縣南庄鄉",郊山步道,309~492公尺,低,https://cdntwrunning.biji.co/600_97ba99b60501bec6af9b4aa9397824ac.jpg,5,1879,2379,https://hiking.biji.co/index.php?q=trail&act=detail&id=793
801,嘉南雲峰、石壁山登山步道,https://cdntwrunning.biji.co/800_8cd5396ebaa8d00513799ad7bac37bf6.jpg,2023-04-03,2023-04-09,"南投縣竹山鎮,雲林縣古坑鄉,嘉義縣阿里山鄉",中級山步道,1272~1795公尺,低-中,https://cdntwrunning.biji.co/600_f09e6ca879d004980d2fd89e912335ff.jpg,18,1206,1706,https://hiking.biji.co/index.php?q=trail&act=detail&id=801
806,竹子山古道,https://cdntwrunning.biji.co/800_d6256e601c9a693748f2587d20fac74f.jpg,2023-04-09,2023-04-16,"新北市金山區,新北市石門區",郊山步道,272~1037公尺,中,https://cdntwrunning.biji.co/600_61513c34bbc30f24b250fec44cb16ab6.jpg,18,1824,2324,https://hiking.biji.co/index.php?q=trail&act=detail&id=806
812,俯瞰稜(黃金四稜),https://cdntwrunning.biji.co/800_fa7f817fbb9c0c8d88045c8e8fb222bd.jpg,2023-04-06,2023-04-10,新北市瑞芳區,郊山步道,10~250公尺,低-中,https://cdntwrunning.biji.co/600_8eda09c785a6ea0005fc58e3e34f282c.jpg,17,1131,1631,https://hiking.biji.co/index.php?q=trail&act=detail&id=812
813,南雅地質步道(南雅奇岩),https://cdntwrunning.biji.co/800_9d2c1e948a8bc0a8f541ad5992be84a2.jpg,2023-04-04,2023-04-07,新北市瑞芳區,郊山步道,70~70公尺,低,https://cdntwrunning.biji.co/600_7fc2bb3f5a42bfe94182e1b6baf0c8d0.jpg,14,1786,2286,https://hiking.biji.co/index.php?q=trail&act=detail&id=813
814,鼻頭山稜步道(黃金九稜),https://cdntwrunning.biji.co/800_45cff8b2c3c1f00abfa884ab80682cd0.jpg,2023-04-05,2023-04-07,"新北市瑞芳區,新北市貢寮區",郊山步道,50~270公尺,低-中,https://cdntwrunning.biji.co/600_bc09260e349ab4efc71458c1b4664c78.jpg,17,2631,3131,https://hiking.biji.co/index.php?q=trail&act=detail&id=814
815,雙連埤環湖步道,https://cdntwrunning.biji.co/800_f05c55c292f17a7e8a951a37b06ce503.jpg,2023-03-28,2023-04-01,宜蘭縣員山鄉,郊山步道,470~500公尺,低,https://cdntwrunning.biji.co/600_e6e368eec138dc86d3e876ab397058f5.jpg,4,1509,2009,https://hiking.biji.co/index.php?q=trail&act=detail&id=815
823,茶壺山稜(黃金三稜),https://cdntwrunning.biji.co/800_e5a60d63b2a9736a28a52e4ac66f1492.jpg,2023-04-10,2023-04-15,新北市瑞芳區,郊山步道,250~713公尺,低-中,https://cdntwrunning.biji.co/600_0048b5096d9de3b8cda1cd4972cf6bbe.jpg,16,1208,1708,https://hiking.biji.co/index.php?q=trail&act=detail&id=823
824,石梯坑稜(黃金八稜),https://cdntwrunning.biji.co/800_6d43622c2e5c5c2a565a7b1a669cfece.jpg,2023-04-14,2023-04-19,新北市瑞芳區,郊山步道,20~370公尺,中,https://cdntwrunning.biji.co/600_92fe2f7715b281b940633509f91ed8cf.jpg,16,1532,2032,https://hiking.biji.co/index.php?q=trail&act=detail&id=824
833,鋸齒稜(黃金六稜),https://cdntwrunning.biji.co/800_e792bc343d98e686a38d8dc094c31e97.jpg,2023-04-16,2023-04-19,新北市瑞芳區,郊山步道,381~713公尺,低-中,https://cdntwrunning.biji.co/600_6d952ce0ffe355c7ac4bfaeffc8a4397.jpg,12,2313,2813,https://hiking.biji.co/index.php?q=trail&act=detail&id=833
834,南子吝山稜(黃金七稜),https://cdntwrunning.biji.co/800_71ee934d2aabd3276b2890cc956aa9e7.jpg,2023-03-28,2023-03-30,新北市瑞芳區,郊山步道,15~325公尺,低-中,https://cdntwrunning.biji.co/600_cb0aca3a34a18b3a8e441f00b572b827.jpg,3,1843,2343,https://hiking.biji.co/index.php?q=trail&act=detail&id=834
839,龍鳳谷步道,https://cdntwrunning.biji.co/800_490dad72b5ecdcd4093c27748a608f45.jpeg,2023-03-29,2023-04-02,台北市北投區,郊山步道,172~248公尺,低,https://cdntwrunning.biji.co/600_cbf54b09b65daa9e11c0d7a9091388c4.jpg,7,3126,3626,https://hiking.biji.co/index.php?q=trail&act=detail&id=839
846,石梯坑古道,https://cdntwrunning.biji.co/800_60601e405927722a4222bc9b117a3fa6.jpg,2023-04-17,2023-04-20,新北市瑞芳區,郊山步道,20~370公尺,低-中,https://cdntwrunning.biji.co/600_0a843e17e6e236672d1c74cb3afef7fe.jpg,10,658,1158,https://hiking.biji.co/index.php?q=trail&act=detail&id=846
847,大坑3號步道,https://cdntwrunning.biji.co/800_7abef7761caff4fa734ef5acb6492228.jpg,2023-04-06,2023-04-08,臺中市北屯區,郊山步道,415~795公尺,低-中,https://cdntwrunning.biji.co/600_8d047058165dbe6d1fccf91857215e97.jpg,23,3337,3837,https://hiking.biji.co/index.php?q=trail&act=detail&id=847
848,大坑5號、5-1號步道(頭嵙山),https://cdntwrunning.biji.co/800_16c5bc1bb1a6797e20ad670332f803a5.jpg,2023-04-05,2023-04-11,臺中市北屯區,郊山步道,595~859公尺,低-中,https://cdntwrunning.biji.co/600_3deb4fffca2063b1df6542f5f189a676.jpg,12,3190,3690,https://hiking.biji.co/index.php?q=trail&act=detail&id=848
850,大坑8號步道,https://cdntwrunning.biji.co/800_1760a5a0d0c3f8de58c80b3c88ef7102.jpg,2023-04-13,2023-04-18,"臺中市北屯區,臺中市潭子區",郊山步道,190~353公尺,低,https://cdntwrunning.biji.co/600_79a83b6a6cce09398e7870bf1327d9c9.jpg,14,1386,1886,https://hiking.biji.co/index.php?q=trail&act=detail&id=850
851,大坑9-1、10號步道,https://cdntwrunning.biji.co/800_e521dc3c175a66130d98e08069b1f36b.jpg,2023-04-13,2023-04-19,臺中市北屯區,郊山步道,170~320公尺,低,https://cdntwrunning.biji.co/600_876705f43037fbe6a1cf5644b61b04ea.jpg,8,3220,3720,https://hiking.biji.co/index.php?q=trail&act=detail&id=851
859,半嶺步道、半嶺古道、橫嶺古道,https://cdntwrunning.biji.co/800_0bba6b484f5b6651a5ff8b511312a1f2.jpg,2023-04-17,2023-04-21,"台北市北投區,台北市士林區",郊山步道,374~463公尺,低,https://cdntwrunning.biji.co/600_acb025d763fc769c10e6855f19204c36.jpg,13,2894,3394,https://hiking.biji.co/index.php?q=trail&act=detail&id=859
860,林田山林業文化園區、森坂步道,https://cdntwrunning.biji.co/800_d6c9585a7841d765f4ba1723f2c56019.jpg,2023-04-06,2023-04-08,"花蓮縣鳳林鎮,花蓮縣萬榮鄉",郊山步道,190~270公尺,低,https://cdntwrunning.biji.co/600_3280b718b5e313d4429715632f150458.jpg,9,2821,3321,https://hiking.biji.co/index.php?q=trail&act=detail&id=860
862,桃源谷步道(大溪線),https://cdntwrunning.biji.co/800_2653964578b336ff31a9818e92fd4326.jpg,2023-04-05,2023-04-09,"新北市貢寮區,宜蘭縣頭城鎮",郊山步道,10~530公尺,低-中,https://cdntwrunning.biji.co/600_c86a8ef72b272a2bef804a500dbb2c63.jpg,21,3322,3822,https://hiking.biji.co/index.php?q=trail&act=detail&id=862
863,桃源谷步道(石觀音線),https://cdntwrunning.biji.co/800_5fbbe9dd8a2d6a92678d255e2be1281e.jpg,2023-03-30,2023-04-04,"新北市貢寮區,宜蘭縣頭城鎮",郊山步道,10~530公尺,低-中,https://cdntwrunning.biji.co/600_c78d29de5ad1a2f66fef45bd3143d0e1.jpg,22,3209,3709,https://hiking.biji.co/index.php?q=trail&act=detail&id=863
866,湊角山步道(鹿窟尖),https://cdntwrunning.biji.co/800_bd510b4772618337892abde8e95a17b4.jpg,2023-04-18,2023-04-25,新北市三峽區,郊山步道,271~643公尺,低-中,https://cdntwrunning.biji.co/600_5e947904a2b3aa97d346469fc2826523.jpg,17,2098,2598,https://hiking.biji.co/index.php?q=trail&act=detail&id=866
867,雞罩山步道,https://cdntwrunning.biji.co/800_cf05a6359438e7179d09d5a81508d973.jpg,2023-04-05,2023-04-10,新北市三峽區,郊山步道,271~780公尺,低-中,https://cdntwrunning.biji.co/600_08f258074e678590a0842c72bf58ab96.jpg,17,1482,1982,https://hiking.biji.co/index.php?q=trail&act=detail&id=867
868,中山峽谷森林古道,https://cdntwrunning.biji.co/800_4187a1c7ecf78f542a16f3e1c0e9e718.jpg,2023-04-17,2023-04-21,基隆市,郊山步道,22~158公尺,低,https://cdntwrunning.biji.co/600_b5e27fb3c2d22294e00d54e9b36a48f5.jpg,23,988,1488,https://hiking.biji.co/index.php?q=trail&act=detail&id=868
870,內柑宅古道、紅葉谷瀑布,https://cdntwrunning.biji.co/800_adfaf3ad53113596173381b043725398.jpg,2023-04-18,2023-04-20,新北市三芝區,郊山步道,330~587公尺,低,https://cdntwrunning.biji.co/600_6dd82051d732925066c83ee7dc984aec.jpg,23,817,1317,https://hiking.biji.co/index.php?q=trail&act=detail&id=870
874,坪溪古道,https://cdntwrunning.biji.co/800_22050472ce7a6af58cd43d07d7136a15.jpg,2023-04-12,2023-04-17,"新北市雙溪區,宜蘭縣頭城鎮",郊山步道,500~520公尺,低,https://cdntwrunning.biji.co/600_b9529c140b05e3bd2bda5322163d3417.jpg,25,894,1394,https://hiking.biji.co/index.php?q=trail&act=detail&id=874
890,梗枋百年古道(中崙古道),https://cdntwrunning.biji.co/800_efaa8bddb2fa647ab30a4e0e98a8db50.jpg,2023-04-12,2023-04-17,"新北市雙溪區,宜蘭縣頭城鎮",郊山步道,82~530公尺,低-中,https://cdntwrunning.biji.co/600_1b6335d89463e7607834eeb4c887a1e5.jpg,19,1765,2265,https://hiking.biji.co/index.php?q=trail&act=detail&id=890
